<?xml version="1.0" encoding="utf-8"?>
<StructureDefinition xmlns="http://hl7.org/fhir">
  <id value="d3d10a8f-46bc-4d9d-850f-b8ab5b778709" />
  <meta>
    <versionId value="2" />
    <lastUpdated value="2020-03-11T00:55:06.904+00:00" />
  </meta>
  <language value="pt-BR" />
  <url value="http://www.saude.gov.br/fhir/r4/StructureDefinition/BRCID10Avaliado-1.0" />
  <version value="1.0" />
  <name value="BRCID10Avaliado" />
  <title value="CID10 Avaliado" />
  <status value="active" />
  <date value="2020-03-11T00:55:04.4761654Z" />
  <publisher value="Ministério da Saúde do Brasil" />
  <description value="Diagnóstico atribuído pelo profissional de saúde ao indivíduo no contato assistencial." />
  <fhirVersion value="4.0.0" />
  <kind value="resource" />
  <abstract value="false" />
  <type value="Condition" />
  <baseDefinition value="http://hl7.org/fhir/StructureDefinition/Condition" />
  <derivation value="constraint" />
  <differential>
    <element id="Condition">
      <path value="Condition" />
      <short value="Diagnóstico ou Problema" />
      <definition value="Informações sobre a condição de saúde, lesão, deficiência ou qualquer outra questão que afete o bem-estar físico, mental ou social de um indivíduo identificadas em um contato assistencial. (adaptado do conceito de Problema/Diagnóstico do Clinical Knowledge Manager/OpenEHR)" />
      <mustSupport value="true" />
    </element>
    <element id="Condition.identifier">
      <path value="Condition.identifier" />
      <max value="0" />
    </element>
    <element id="Condition.clinicalStatus">
      <path value="Condition.clinicalStatus" />
      <short value="Estado da Resolução" />
      <definition value="Situação que o Diagnóstico/Problema se encontra no momento da informação.&#xD;&#xA;resolved: Resolvido&#xD;&#xA;active: Resolvendo&#xD;&#xA;active: Não resolvido&#xD;&#xA;null: Indeterminado" />
      <mustSupport value="true" />
      <binding>
        <strength value="required" />
        <description value="Estado da Resolução do Diagnóstico/Problema" />
        <valueSet value="http://www.saude.gov.br/fhir/r4/ValueSet/BREstadoResolucaoDiagnosticoProblema-1.0" />
      </binding>
    </element>
    <element id="Condition.clinicalStatus.coding">
      <path value="Condition.clinicalStatus.coding" />
      <min value="1" />
      <max value="1" />
      <mustSupport value="true" />
    </element>
    <element id="Condition.clinicalStatus.coding.system">
      <path value="Condition.clinicalStatus.coding.system" />
      <min value="1" />
    </element>
    <element id="Condition.clinicalStatus.coding.code">
      <path value="Condition.clinicalStatus.coding.code" />
      <min value="1" />
    </element>
    <element id="Condition.clinicalStatus.coding.display">
      <path value="Condition.clinicalStatus.coding.display" />
      <max value="0" />
    </element>
    <element id="Condition.clinicalStatus.coding.userSelected">
      <path value="Condition.clinicalStatus.coding.userSelected" />
      <max value="0" />
    </element>
    <element id="Condition.clinicalStatus.text">
      <path value="Condition.clinicalStatus.text" />
      <max value="0" />
    </element>
    <element id="Condition.verificationStatus">
      <path value="Condition.verificationStatus" />
      <max value="0" />
    </element>
    <element id="Condition.category">
      <path value="Condition.category" />
      <max value="0" />
    </element>
    <element id="Condition.severity">
      <path value="Condition.severity" />
      <max value="0" />
    </element>
    <element id="Condition.code">
      <path value="Condition.code" />
      <short value="Diagnóstico ou Problema" />
      <definition value="Diagnóstico ou problema avaliado no indivíduo durante o contato assistencial." />
      <min value="1" />
      <mustSupport value="true" />
      <binding>
        <strength value="required" />
        <description value="CID-10" />
        <valueSet value="http://www.saude.gov.br/fhir/r4/ValueSet/BRCID10-1.0" />
      </binding>
    </element>
    <element id="Condition.code.coding">
      <path value="Condition.code.coding" />
      <min value="1" />
      <max value="1" />
    </element>
    <element id="Condition.code.coding.system">
      <path value="Condition.code.coding.system" />
      <min value="1" />
    </element>
    <element id="Condition.code.coding.code">
      <path value="Condition.code.coding.code" />
      <min value="1" />
    </element>
    <element id="Condition.code.coding.display">
      <path value="Condition.code.coding.display" />
      <max value="0" />
    </element>
    <element id="Condition.code.coding.userSelected">
      <path value="Condition.code.coding.userSelected" />
      <max value="0" />
    </element>
    <element id="Condition.code.text">
      <path value="Condition.code.text" />
      <max value="0" />
    </element>
    <element id="Condition.bodySite">
      <path value="Condition.bodySite" />
      <max value="0" />
    </element>
    <element id="Condition.subject">
      <path value="Condition.subject" />
      <short value="Indivíduo" />
      <definition value="Indica o indivíduo ao qual o CID-10 se refere." />
      <type>
        <code value="Reference" />
        <targetProfile value="http://www.saude.gov.br/fhir/r4/StructureDefinition/BRIndividuo-1.0" />
      </type>
      <mustSupport value="true" />
    </element>
    <element id="Condition.subject.extension">
      <path value="Condition.subject.extension" />
      <slicing>
        <discriminator>
          <type value="value" />
          <path value="url" />
        </discriminator>
        <rules value="open" />
      </slicing>
    </element>
    <element id="Condition.subject.extension:unidentifiedPatient">
      <path value="Condition.subject.extension" />
      <sliceName value="unidentifiedPatient" />
      <short value="Dados do Indivíduo Não Identificado" />
      <type>
        <code value="Extension" />
        <profile value="http://www.saude.gov.br/fhir/r4/StructureDefinition/BRIndividuoNaoIdentificado-1.0" />
      </type>
      <mustSupport value="true" />
    </element>
    <element id="Condition.subject.extension:unidentifiedPatient.extension:gender">
      <path value="Condition.subject.extension.extension" />
      <sliceName value="gender" />
      <mustSupport value="true" />
    </element>
    <element id="Condition.subject.extension:unidentifiedPatient.extension:birthYear">
      <path value="Condition.subject.extension.extension" />
      <sliceName value="birthYear" />
      <mustSupport value="true" />
    </element>
    <element id="Condition.subject.extension:unidentifiedPatient.extension:reason">
      <path value="Condition.subject.extension.extension" />
      <sliceName value="reason" />
      <mustSupport value="true" />
    </element>
    <element id="Condition.subject.type">
      <path value="Condition.subject.type" />
      <fixedUri value="Patient" />
    </element>
    <element id="Condition.subject.identifier.use">
      <path value="Condition.subject.identifier.use" />
      <max value="0" />
    </element>
    <element id="Condition.subject.identifier.type">
      <path value="Condition.subject.identifier.type" />
      <max value="0" />
    </element>
    <element id="Condition.subject.identifier.system">
      <path value="Condition.subject.identifier.system" />
      <min value="1" />
    </element>
    <element id="Condition.subject.identifier.value">
      <path value="Condition.subject.identifier.value" />
      <min value="1" />
    </element>
    <element id="Condition.subject.identifier.period">
      <path value="Condition.subject.identifier.period" />
      <max value="0" />
    </element>
    <element id="Condition.subject.identifier.assigner">
      <path value="Condition.subject.identifier.assigner" />
      <max value="0" />
    </element>
    <element id="Condition.subject.display">
      <path value="Condition.subject.display" />
      <max value="0" />
    </element>
    <element id="Condition.encounter">
      <path value="Condition.encounter" />
      <max value="0" />
    </element>
    <element id="Condition.onset[x]">
      <path value="Condition.onset[x]" />
      <max value="0" />
    </element>
    <element id="Condition.abatement[x]">
      <path value="Condition.abatement[x]" />
      <max value="0" />
    </element>
    <element id="Condition.recordedDate">
      <path value="Condition.recordedDate" />
      <max value="0" />
    </element>
    <element id="Condition.recorder">
      <path value="Condition.recorder" />
      <max value="0" />
    </element>
    <element id="Condition.asserter">
      <path value="Condition.asserter" />
      <max value="0" />
    </element>
    <element id="Condition.stage">
      <path value="Condition.stage" />
      <max value="0" />
    </element>
    <element id="Condition.evidence">
      <path value="Condition.evidence" />
      <max value="0" />
    </element>
    <element id="Condition.note">
      <path value="Condition.note" />
      <max value="1" />
      <mustSupport value="true" />
    </element>
    <element id="Condition.note.author[x]">
      <path value="Condition.note.author[x]" />
      <max value="0" />
    </element>
    <element id="Condition.note.time">
      <path value="Condition.note.time" />
      <max value="0" />
    </element>
    <element id="Condition.note.text">
      <path value="Condition.note.text" />
      <short value="Nota" />
      <definition value="Informações complementares textuais acerca do CID-10 avaliado." />
      <mustSupport value="true" />
    </element>
  </differential>
</StructureDefinition>