<?xml version="1.0" encoding="utf-8"?>
<StructureDefinition xmlns="http://hl7.org/fhir">
  <id value="a3bc0180-3d3d-469f-af04-7117f87db5be" />
  <meta>
    <versionId value="2" />
    <lastUpdated value="2020-03-13T20:46:22.186+00:00" />
  </meta>
  <language value="pt-BR" />
  <url value="http://www.saude.gov.br/fhir/r4/StructureDefinition/BREstabelecimentoSaude-1.0" />
  <version value="1.0" />
  <name value="BREstabelecimentoSaude" />
  <title value="Estabelecimento de Saúde" />
  <status value="active" />
  <date value="2020-03-13T20:46:45.7872438Z" />
  <publisher value="Ministério da Saúde do Brasil" />
  <description value="Espaço físico delimitado e permanente onde são realizadas ações e serviços de saúde humana sob responsabilidade técnica." />
  <fhirVersion value="4.0.0" />
  <kind value="resource" />
  <abstract value="false" />
  <type value="Organization" />
  <baseDefinition value="http://hl7.org/fhir/StructureDefinition/Organization" />
  <derivation value="constraint" />
  <differential>
    <element id="Organization">
      <path value="Organization" />
      <short value="Estabelecimento de Saúde" />
      <definition value="Espaço físico delimitado e permanente onde são realizadas ações e serviços de saúde humana sob responsabilidade técnica." />
      <mustSupport value="true" />
    </element>
    <element id="Organization.extension">
      <path value="Organization.extension" />
      <slicing>
        <discriminator>
          <type value="value" />
          <path value="url" />
        </discriminator>
        <rules value="open" />
      </slicing>
    </element>
    <element id="Organization.extension:isSUS">
      <path value="Organization.extension" />
      <sliceName value="isSUS" />
      <short value="Atende SUS" />
      <definition value="True = Sim; False = Não." />
      <min value="1" />
      <max value="1" />
      <type>
        <code value="Extension" />
        <profile value="http://www.saude.gov.br/fhir/r4/StructureDefinition/BRAtendeSUS-1.0" />
      </type>
      <mustSupport value="true" />
    </element>
    <element id="Organization.extension:outsourcedAdministrator">
      <path value="Organization.extension" />
      <sliceName value="outsourcedAdministrator" />
      <definition value="Instituição contratada para administrar o Estabelecimento de Saúde." />
      <max value="1" />
      <type>
        <code value="Extension" />
        <profile value="http://www.saude.gov.br/fhir/r4/StructureDefinition/BRAdministradorTerceiro-1.0" />
      </type>
      <mustSupport value="true" />
    </element>
    <element id="Organization.extension:outsourcedAdministrator.value[x]">
      <path value="Organization.extension.value[x]" />
      <type>
        <code value="Reference" />
        <targetProfile value="http://www.saude.gov.br/fhir/r4/StructureDefinition/BRPessoaJuridica-1.0" />
      </type>
    </element>
    <element id="Organization.identifier">
      <path value="Organization.identifier" />
      <max value="0" />
    </element>
    <element id="Organization.active">
      <path value="Organization.active" />
      <short value="Estabelecimento de Saúde Ativo" />
      <definition value="Se o Estabelecimento de Saúde ainda está em ativo." />
      <min value="1" />
    </element>
    <element id="Organization.type">
      <path value="Organization.type" />
      <short value="Tipo do Estabelecimento de Saúde" />
      <definition value="Classificação do Estabelecimento de Saúde de acordo com um conjunto de dimensões." />
      <min value="1" />
      <max value="1" />
      <mustSupport value="true" />
      <binding>
        <strength value="required" />
        <description value="Tipo de Estabelecimento de Saúde" />
        <valueSet value="http://www.saude.gov.br/fhir/r4/ValueSet/BRTipoEstabelecimentoSaude-1.0" />
      </binding>
    </element>
    <element id="Organization.type.coding">
      <path value="Organization.type.coding" />
      <min value="1" />
      <max value="1" />
      <binding>
        <strength value="required" />
        <description value="Tipo de Estabelecimento de Saúde." />
        <valueSet value="http://www.saude.gov.br/fhir/r4/ValueSet/BRTipoEstabelecimentoSaude-1.0" />
      </binding>
    </element>
    <element id="Organization.type.coding.system">
      <path value="Organization.type.coding.system" />
      <min value="1" />
    </element>
    <element id="Organization.type.coding.code">
      <path value="Organization.type.coding.code" />
      <min value="1" />
    </element>
    <element id="Organization.type.coding.display">
      <path value="Organization.type.coding.display" />
      <max value="0" />
    </element>
    <element id="Organization.type.coding.userSelected">
      <path value="Organization.type.coding.userSelected" />
      <max value="0" />
    </element>
    <element id="Organization.type.text">
      <path value="Organization.type.text" />
      <max value="0" />
    </element>
    <element id="Organization.name">
      <path value="Organization.name" />
      <short value="Nome" />
      <definition value="Nome do Estabelecimento de Saúde." />
      <min value="1" />
      <mustSupport value="true" />
    </element>
    <element id="Organization.alias">
      <path value="Organization.alias" />
      <short value="Nome Empresarial" />
      <definition value="Firma ou denominação adotada para o exercício da instituição/entidade/órgão/empresa." />
      <min value="1" />
      <max value="1" />
      <mustSupport value="true" />
    </element>
    <element id="Organization.telecom">
      <path value="Organization.telecom" />
      <definition value="Informações do(s) meio(s) de contato com o Estabelecimento de Saúde." />
      <type>
        <code value="ContactPoint" />
        <profile value="http://www.saude.gov.br/fhir/r4/StructureDefinition/BRMeioContato-1.0" />
      </type>
    </element>
    <element id="Organization.telecom.period">
      <path value="Organization.telecom.period" />
      <max value="0" />
    </element>
    <element id="Organization.address">
      <path value="Organization.address" />
      <definition value="Dados do endereço onde o Estabelecimento de Saúde é localizado." />
      <min value="1" />
      <max value="1" />
      <type>
        <code value="Address" />
        <profile value="http://www.saude.gov.br/fhir/r4/StructureDefinition/BREndereco-1.0" />
      </type>
    </element>
    <element id="Organization.address.use">
      <path value="Organization.address.use" />
      <max value="0" />
    </element>
    <element id="Organization.address.type">
      <path value="Organization.address.type" />
      <max value="0" />
    </element>
    <element id="Organization.address.period">
      <path value="Organization.address.period" />
      <max value="0" />
    </element>
    <element id="Organization.partOf">
      <path value="Organization.partOf" />
      <short value="CPF/CNPJ do Estabelecimento/Mantenedora" />
      <definition value="Pessoa Física (CPF) ou Jurídica (CNPJ) proprietária do Estabelecimento de Saúde." />
      <min value="1" />
      <type>
        <extension url="http://hl7.org/fhir/StructureDefinition/structuredefinition-hierarchy">
          <valueBoolean value="true" />
        </extension>
        <code value="Reference" />
        <targetProfile value="http://www.saude.gov.br/fhir/r4/StructureDefinition/BRPessoaJuridicaProfissionalLiberal-1.0" />
      </type>
      <mustSupport value="true" />
    </element>
    <element id="Organization.partOf.reference">
      <path value="Organization.partOf.reference" />
      <min value="1" />
    </element>
    <element id="Organization.partOf.type">
      <path value="Organization.partOf.type" />
      <max value="0" />
    </element>
    <element id="Organization.partOf.identifier">
      <path value="Organization.partOf.identifier" />
      <max value="0" />
    </element>
    <element id="Organization.partOf.display">
      <path value="Organization.partOf.display" />
      <max value="0" />
    </element>
    <element id="Organization.contact">
      <path value="Organization.contact" />
      <max value="0" />
    </element>
    <element id="Organization.endpoint">
      <path value="Organization.endpoint" />
      <max value="0" />
    </element>
  </differential>
</StructureDefinition>