<?xml version="1.0" encoding="utf-8"?>
<StructureDefinition xmlns="http://hl7.org/fhir">
  <id value="7ba7dc20-9251-417f-bc02-0a08c2986710" />
  <meta>
    <versionId value="4" />
    <lastUpdated value="2020-03-13T19:47:50.672+00:00" />
  </meta>
  <language value="pt-BR" />
  <url value="http://www.saude.gov.br/fhir/r4/StructureDefinition/BRIndividuo-1.0" />
  <version value="1.0" />
  <name value="BRIndividuo" />
  <title value="Indivíduo" />
  <status value="active" />
  <date value="2020-03-13T19:48:14.539093Z" />
  <publisher value="Ministério da Saúde do Brasil" />
  <description value="Indíviduo, sujeito da assistência à saúde." />
  <purpose value="O indivíudo é o sujeito central para os processos informativos de dados em saúde. Não deve ser utilizado quando na condição de profissional." />
  <fhirVersion value="4.0.0" />
  <kind value="resource" />
  <abstract value="false" />
  <type value="Patient" />
  <baseDefinition value="http://hl7.org/fhir/StructureDefinition/Patient" />
  <derivation value="constraint" />
  <differential>
    <element id="Patient">
      <path value="Patient" />
      <short value="Indivíduo" />
      <definition value="Dados demográficos sobre um indivíduo enquanto sujeito de ações e serviços de saúde." />
      <alias value="Paciente" />
      <alias value="Cidadão" />
      <alias value="Pessoa" />
      <alias value="Usuário" />
      <mustSupport value="true" />
    </element>
    <element id="Patient.extension">
      <path value="Patient.extension" />
      <slicing>
        <discriminator>
          <type value="value" />
          <path value="url" />
        </discriminator>
        <rules value="open" />
      </slicing>
    </element>
    <element id="Patient.extension:registerQuality">
      <path value="Patient.extension" />
      <sliceName value="registerQuality" />
      <definition value="Grau de completude do cadastro do indivíduo, escore de 0 a 100." />
      <type>
        <code value="Extension" />
        <profile value="http://www.saude.gov.br/fhir/r4/StructureDefinition/BRQualidadeCadastroIndividuo-1.0" />
      </type>
      <mustSupport value="true" />
    </element>
    <element id="Patient.extension:registerQuality.value[x]">
      <path value="Patient.extension.value[x]" />
      <mustSupport value="false" />
    </element>
    <element id="Patient.extension:parents">
      <path value="Patient.extension" />
      <sliceName value="parents" />
      <type>
        <code value="Extension" />
        <profile value="http://www.saude.gov.br/fhir/r4/StructureDefinition/BRParentesIndividuo-1.0" />
      </type>
      <mustSupport value="true" />
    </element>
    <element id="Patient.extension:parents.extension:relationship">
      <path value="Patient.extension.extension" />
      <sliceName value="relationship" />
      <mustSupport value="true" />
    </element>
    <element id="Patient.extension:parents.extension:parent">
      <path value="Patient.extension.extension" />
      <sliceName value="parent" />
      <mustSupport value="true" />
    </element>
    <element id="Patient.extension:raceEthnicity">
      <path value="Patient.extension" />
      <sliceName value="raceEthnicity" />
      <type>
        <code value="Extension" />
        <profile value="http://www.saude.gov.br/fhir/r4/StructureDefinition/BRRacaCorEtnia-1.0" />
      </type>
      <mustSupport value="true" />
    </element>
    <element id="Patient.extension:raceEthnicity.extension:race">
      <path value="Patient.extension.extension" />
      <sliceName value="race" />
      <mustSupport value="true" />
    </element>
    <element id="Patient.extension:raceEthnicity.extension:indigenousEthnicity">
      <path value="Patient.extension.extension" />
      <sliceName value="indigenousEthnicity" />
      <mustSupport value="true" />
    </element>
    <element id="Patient.extension:birthCity">
      <path value="Patient.extension" />
      <sliceName value="birthCity" />
      <short value="Município de Nascimento" />
      <definition value="Município onde o indivíduo nasceu." />
      <max value="1" />
      <type>
        <code value="Extension" />
        <profile value="http://www.saude.gov.br/fhir/r4/StructureDefinition/BRMunicipio-1.0" />
      </type>
      <mustSupport value="true" />
    </element>
    <element id="Patient.extension:nacionality">
      <path value="Patient.extension" />
      <sliceName value="nacionality" />
      <short value="Nacionalidade" />
      <definition value="Nacionalidade do indivíduo." />
      <min value="1" />
      <max value="1" />
      <type>
        <code value="Extension" />
        <profile value="http://www.saude.gov.br/fhir/r4/StructureDefinition/BRPais-1.0" />
      </type>
      <mustSupport value="true" />
    </element>
    <element id="Patient.extension:protectedPerson">
      <path value="Patient.extension" />
      <sliceName value="protectedPerson" />
      <short value="Indivíduo com Dados Protegidos" />
      <definition value="Indivíduo com maior restrição à disponibilização de seus dados, por possuir grande exposição pública (ex.: político, esportista, artista famoso etc.), estar em programa de proteção à testemunha, o objeto de seu trabalho colocá-lo em risco (investigadores da inteligência, p.ex.), dentre outros." />
      <alias value="VIP" />
      <max value="1" />
      <type>
        <code value="Extension" />
        <profile value="http://www.saude.gov.br/fhir/r4/StructureDefinition/BRIndividuoProtegido-1.0" />
      </type>
      <mustSupport value="true" />
    </element>
    <element id="Patient.extension:naturalization">
      <path value="Patient.extension" />
      <sliceName value="naturalization" />
      <max value="1" />
      <type>
        <code value="Extension" />
        <profile value="http://www.saude.gov.br/fhir/r4/StructureDefinition/BRNaturalizacao-1.0" />
      </type>
    </element>
    <element id="Patient.identifier">
      <path value="Patient.identifier" />
      <type>
        <code value="Identifier" />
        <profile value="http://www.saude.gov.br/fhir/r4/StructureDefinition/BRDocumentoIndividuo-1.0" />
      </type>
    </element>
    <element id="Patient.active">
      <path value="Patient.active" />
      <short value="Registro em Uso" />
      <definition value="Indica se o registro desse indivíduo ainda está em uso.&#xD;&#xA;A codição de inativo pode indicar que tanto uma informação errada quanto um indivíduo falecido, e indivíduos falecidos podem permanecer ativos por algum tempo após o falecimento para fins de registro da informação.&#xD;&#xA;Logo, esta não deve ser opção para identificar um indivíduo falecido, sendo mais adequado o elemento deceased." />
      <comment value="Valor padrão é true." />
      <requirements value="Identificar registros que não estão mais em uso." />
      <min value="1" />
      <mustSupport value="true" />
      <isModifierReason value="Indica que o registro não deve mais se tratado como válido." />
    </element>
    <element id="Patient.name">
      <path value="Patient.name" />
      <type>
        <code value="HumanName" />
        <profile value="http://www.saude.gov.br/fhir/r4/StructureDefinition/BRNomeIndividuo-1.0" />
      </type>
    </element>
    <element id="Patient.telecom">
      <path value="Patient.telecom" />
      <type>
        <code value="ContactPoint" />
        <profile value="http://www.saude.gov.br/fhir/r4/StructureDefinition/BRMeioContato-1.0" />
      </type>
    </element>
    <element id="Patient.gender">
      <path value="Patient.gender" />
      <short value="Sexo" />
      <definition value="male: masculino.&#xD;&#xA;female: feminino.&#xD;&#xA;unknown: ignorado." />
      <min value="1" />
      <mustSupport value="true" />
      <binding>
        <strength value="required" />
        <description value="Sexo" />
        <valueSet value="http://www.saude.gov.br/fhir/r4/ValueSet/BRSexo-1.0" />
      </binding>
    </element>
    <element id="Patient.birthDate">
      <path value="Patient.birthDate" />
      <short value="Data de Nascimento" />
      <definition value="Data de nascimento do indivíduo" />
      <min value="1" />
      <mustSupport value="true" />
    </element>
    <element id="Patient.deceased[x]">
      <path value="Patient.deceased[x]" />
      <short value="Óbito" />
      <definition value="Indica se o indivíduo foi a óbito. O óbito pode ser interpretado pelo booleano = true ou pela existência de uma data/hora." />
      <mustSupport value="true" />
    </element>
    <element id="Patient.address">
      <path value="Patient.address" />
      <definition value="Dados do(s) endereço(s) onde o indivíduo pode ser localizado." />
      <type>
        <code value="Address" />
        <profile value="http://www.saude.gov.br/fhir/r4/StructureDefinition/BREndereco-1.0" />
      </type>
    </element>
    <element id="Patient.address.use">
      <path value="Patient.address.use" />
      <min value="1" />
    </element>
    <element id="Patient.address.type">
      <path value="Patient.address.type" />
      <min value="1" />
    </element>
    <element id="Patient.address.line:streetType">
      <path value="Patient.address.line" />
      <sliceName value="streetType" />
      <min value="1" />
    </element>
    <element id="Patient.maritalStatus">
      <path value="Patient.maritalStatus" />
      <short value="Estado Civil" />
      <definition value="Complexo das qualidades do indivíudo referentes à ordem pública, à ordem privada e à ordem física do ser humano. Refere-se, assim, à cidadania, à família, e à capacidade civil.&#xD;&#xA;MIRABETE, Julio Fabbrini. Código de processo penal interpretado.11. ed. 6. tir. São Paulo: Atlas, 2003." />
      <max value="0" />
      <mustSupport value="true" />
    </element>
    <element id="Patient.maritalStatus.coding">
      <path value="Patient.maritalStatus.coding" />
      <min value="1" />
      <max value="1" />
    </element>
    <element id="Patient.maritalStatus.coding.system">
      <path value="Patient.maritalStatus.coding.system" />
      <min value="1" />
    </element>
    <element id="Patient.maritalStatus.coding.code">
      <path value="Patient.maritalStatus.coding.code" />
      <min value="1" />
    </element>
    <element id="Patient.maritalStatus.coding.display">
      <path value="Patient.maritalStatus.coding.display" />
      <max value="0" />
    </element>
    <element id="Patient.maritalStatus.coding.userSelected">
      <path value="Patient.maritalStatus.coding.userSelected" />
      <max value="0" />
    </element>
    <element id="Patient.maritalStatus.text">
      <path value="Patient.maritalStatus.text" />
      <max value="0" />
    </element>
    <element id="Patient.multipleBirth[x]">
      <path value="Patient.multipleBirth[x]" />
      <short value="Indivíduo Nasceu em Parto Gemelar" />
      <definition value="Indica se o indivíduo é parte de um parto múltiplo (gemelar) de forma booleana (true = sim) ou pela ordem de nascimento (inteiro)." />
      <max value="0" />
    </element>
    <element id="Patient.photo">
      <path value="Patient.photo" />
      <max value="0" />
    </element>
    <element id="Patient.contact">
      <path value="Patient.contact" />
      <max value="0" />
    </element>
    <element id="Patient.communication">
      <path value="Patient.communication" />
      <max value="0" />
    </element>
    <element id="Patient.generalPractitioner">
      <path value="Patient.generalPractitioner" />
      <max value="0" />
    </element>
    <element id="Patient.managingOrganization">
      <path value="Patient.managingOrganization" />
      <max value="0" />
    </element>
    <element id="Patient.link">
      <path value="Patient.link" />
      <max value="0" />
    </element>
  </differential>
</StructureDefinition>