<?xml version="1.0" encoding="utf-8"?>
<StructureDefinition xmlns="http://hl7.org/fhir">
  <id value="ad417ef1-f535-4552-8d33-34e72df2db05" />
  <meta>
    <versionId value="1" />
    <lastUpdated value="2020-03-11T01:07:07.447+00:00" />
  </meta>
  <language value="pt-BR" />
  <url value="http://www.saude.gov.br/fhir/r4/StructureDefinition/BRLocalAtendimento-1.0" />
  <version value="1.0" />
  <name value="BRLocalAtendimento" />
  <title value="Local de Atendimento" />
  <status value="active" />
  <date value="2020-03-11T01:07:05.6772929Z" />
  <publisher value="Ministério da Saúde do Brasil" />
  <description value="Uma referência genérica aos locais onde um Contato Assistencial pode acontecer." />
  <fhirVersion value="4.0.0" />
  <kind value="resource" />
  <abstract value="false" />
  <type value="Location" />
  <baseDefinition value="http://hl7.org/fhir/StructureDefinition/Location" />
  <derivation value="constraint" />
  <differential>
    <element id="Location">
      <path value="Location" />
      <short value="Local de Atendimento" />
      <definition value="Uma referência genérica aos locais onde um Contato Assistencial pode acontecer." />
      <mustSupport value="true" />
    </element>
    <element id="Location.identifier">
      <path value="Location.identifier" />
      <max value="0" />
    </element>
    <element id="Location.status">
      <path value="Location.status" />
      <min value="1" />
      <fixedCode value="active" />
      <mustSupport value="true" />
    </element>
    <element id="Location.operationalStatus">
      <path value="Location.operationalStatus" />
      <max value="0" />
    </element>
    <element id="Location.name">
      <path value="Location.name" />
      <min value="1" />
      <mustSupport value="true" />
    </element>
    <element id="Location.alias">
      <path value="Location.alias" />
      <max value="0" />
    </element>
    <element id="Location.description">
      <path value="Location.description" />
      <max value="0" />
    </element>
    <element id="Location.mode">
      <path value="Location.mode" />
      <min value="1" />
      <fixedCode value="kind" />
      <mustSupport value="true" />
    </element>
    <element id="Location.type">
      <path value="Location.type" />
      <max value="0" />
    </element>
    <element id="Location.telecom">
      <path value="Location.telecom" />
      <max value="0" />
    </element>
    <element id="Location.address">
      <path value="Location.address" />
      <max value="0" />
    </element>
    <element id="Location.physicalType">
      <path value="Location.physicalType" />
      <max value="0" />
    </element>
    <element id="Location.position">
      <path value="Location.position" />
      <max value="0" />
    </element>
    <element id="Location.managingOrganization">
      <path value="Location.managingOrganization" />
      <max value="0" />
    </element>
    <element id="Location.partOf">
      <path value="Location.partOf" />
      <max value="0" />
    </element>
    <element id="Location.hoursOfOperation">
      <path value="Location.hoursOfOperation" />
      <max value="0" />
    </element>
    <element id="Location.availabilityExceptions">
      <path value="Location.availabilityExceptions" />
      <max value="0" />
    </element>
    <element id="Location.endpoint">
      <path value="Location.endpoint" />
      <max value="0" />
    </element>
  </differential>
</StructureDefinition>