<?xml version="1.0" encoding="utf-8"?>
<StructureDefinition xmlns="http://hl7.org/fhir">
  <id value="af21adb7-867b-4862-8e26-814b2e805f37" />
  <meta>
    <versionId value="7" />
    <lastUpdated value="2020-03-13T20:29:58.907+00:00" />
  </meta>
  <language value="pt-BR" />
  <url value="http://www.saude.gov.br/fhir/r4/StructureDefinition/BRMedicamento-1.0" />
  <version value="1.0" />
  <name value="BRMedicamento" />
  <title value="Medicamento" />
  <status value="draft" />
  <date value="2020-03-13T20:30:23.0065133Z" />
  <publisher value="Ministério da Saúde do Brasil" />
  <description value="Drogas dirigidas para uso humano." />
  <fhirVersion value="4.0.0" />
  <kind value="resource" />
  <abstract value="false" />
  <type value="Medication" />
  <baseDefinition value="http://hl7.org/fhir/StructureDefinition/Medication" />
  <derivation value="constraint" />
  <differential>
    <element id="Medication">
      <path value="Medication" />
      <short value="Medicamento" />
      <definition value="Identificação do medicamento para fins de prescrição, dispensação e/ou administração." />
      <alias value="Droga" />
      <alias value="Fármaco" />
      <mustSupport value="true" />
    </element>
    <element id="Medication.code">
      <path value="Medication.code" />
      <short value="Medicamento" />
      <min value="1" />
      <mustSupport value="true" />
      <binding>
        <strength value="required" />
        <description value="Medicamento" />
        <valueSet value="http://www.saude.gov.br/fhir/r4/ValueSet/BRMedicamento-1.0" />
      </binding>
    </element>
    <element id="Medication.code.coding">
      <path value="Medication.code.coding" />
      <min value="1" />
      <max value="1" />
    </element>
    <element id="Medication.code.coding.system">
      <path value="Medication.code.coding.system" />
      <min value="1" />
    </element>
    <element id="Medication.code.coding.code">
      <path value="Medication.code.coding.code" />
      <min value="1" />
    </element>
    <element id="Medication.code.coding.display">
      <path value="Medication.code.coding.display" />
      <max value="0" />
    </element>
    <element id="Medication.code.coding.userSelected">
      <path value="Medication.code.coding.userSelected" />
      <max value="0" />
    </element>
    <element id="Medication.code.text">
      <path value="Medication.code.text" />
      <max value="0" />
    </element>
    <element id="Medication.status">
      <path value="Medication.status" />
      <short value="Estado do Medicamento" />
      <definition value="active: medicamento em uso&#xD;&#xA;inactive: medicamento não utilizado ou não mais em uso.&#xD;&#xA;entered-in-error: cancelado por informação incorreta." />
      <min value="1" />
      <mustSupport value="true" />
    </element>
    <element id="Medication.manufacturer">
      <path value="Medication.manufacturer" />
      <short value="Fabricante" />
      <definition value="Fabricante do medicamento." />
      <type>
        <code value="Reference" />
        <targetProfile value="http://www.saude.gov.br/fhir/r4/StructureDefinition/BRPessoaJuridicaProfissionalLiberal-1.0" />
      </type>
      <mustSupport value="true" />
    </element>
    <element id="Medication.manufacturer.reference">
      <path value="Medication.manufacturer.reference" />
      <min value="1" />
    </element>
    <element id="Medication.manufacturer.type">
      <path value="Medication.manufacturer.type" />
      <max value="0" />
    </element>
    <element id="Medication.manufacturer.identifier">
      <path value="Medication.manufacturer.identifier" />
      <max value="0" />
    </element>
    <element id="Medication.manufacturer.display">
      <path value="Medication.manufacturer.display" />
      <max value="0" />
    </element>
    <element id="Medication.batch">
      <path value="Medication.batch" />
      <short value="Informações do Rastreio" />
      <definition value="Informações de rastreio do medicamento." />
      <mustSupport value="true" />
    </element>
    <element id="Medication.batch.lotNumber">
      <path value="Medication.batch.lotNumber" />
      <short value="Lote" />
      <definition value="Código do lote do medicamento." />
      <mustSupport value="true" />
    </element>
    <element id="Medication.batch.expirationDate">
      <path value="Medication.batch.expirationDate" />
      <short value="Validade do Medicamento" />
      <definition value="Data de validade do medicamento." />
      <mustSupport value="true" />
    </element>
  </differential>
</StructureDefinition>