<?xml version="1.0" encoding="utf-8"?>
<ValueSet xmlns="http://hl7.org/fhir">
  <id value="f364e38c-55bb-4b08-804f-dc268698c7c7" />
  <meta>
    <versionId value="1" />
    <lastUpdated value="2020-03-11T19:16:00.159+00:00" />
  </meta>
  <language value="pt-BR" />
  <url value="http://www.saude.gov.br/fhir/r4/ValueSet/BRDose-1.0" />
  <version value="1.0" />
  <name value="Dose do Imunobiológico" />
  <status value="active" />
  <experimental value="false" />
  <date value="2020-03-11T19:16:20.2871065+00:00" />
  <publisher value="Ministério da Saúde do Brasil" />
  <description value="ValueSet utilizado para definir o tipo da dose administrada no indivíduo." />
  <immutable value="false" />
  <compose>
    <include>
      <system value="http://www.saude.gov.br/fhir/r4/CodeSystem/BRDose" />
      <version value="*" />
    </include>
  </compose>
</ValueSet>