<?xml version="1.0" encoding="utf-8"?>
<ValueSet xmlns="http://hl7.org/fhir">
  <id value="d691ffca-1315-4f8f-b2f4-e878b8aafc56" />
  <meta>
    <versionId value="1" />
    <lastUpdated value="2020-03-12T13:10:06.213+00:00" />
  </meta>
  <language value="pt-BR" />
  <url value="http://www.saude.gov.br/fhir/r4/ValueSet/BREstrategiaVacinacao-1.0" />
  <version value="1.0" />
  <name value="Estratégia de Vacinação" />
  <status value="active" />
  <experimental value="false" />
  <date value="2020-03-12T13:10:03.2986924+00:00" />
  <publisher value="Ministério da Saúde do Brasil" />
  <description value="Identifica a estratégia de vacinação adotada." />
  <immutable value="false" />
  <compose>
    <include>
      <system value="http://www.saude.gov.br/fhir/r4/CodeSystem/BREstrategiaVacinacao" />
      <version value="*" />
    </include>
  </compose>
</ValueSet>