<?xml version="1.0" encoding="utf-8"?>
<ValueSet xmlns="http://hl7.org/fhir">
  <id value="f6e842c9-c903-4db7-b74b-9deee834de7c" />
  <meta>
    <versionId value="1" />
    <lastUpdated value="2020-03-12T13:10:19.933+00:00" />
  </meta>
  <language value="pt-BR" />
  <url value="http://www.saude.gov.br/fhir/r4/ValueSet/BREtniaIndigena-1.0" />
  <version value="1.0" />
  <name value="Etnia Indígena" />
  <status value="active" />
  <experimental value="false" />
  <date value="2020-03-12T13:10:19.0007937+00:00" />
  <publisher value="Ministério da Saúde do Brasil" />
  <description value="Códigos para representação de etnias indígenas no Brasil." />
  <immutable value="false" />
  <compose>
    <include>
      <system value="http://www.saude.gov.br/fhir/r4/CodeSystem/BREtniaIndigena" />
    </include>
  </compose>
</ValueSet>