<?xml version="1.0" encoding="utf-8"?>
<ValueSet xmlns="http://hl7.org/fhir">
  <id value="1ee7ea84-6ee1-4408-928e-ac67bad57b91" />
  <meta>
    <versionId value="1" />
    <lastUpdated value="2020-03-12T13:10:48.452+00:00" />
  </meta>
  <language value="pt-BR" />
  <url value="http://www.saude.gov.br/fhir/r4/ValueSet/BRImunobiologico-1.0" />
  <version value="1.0" />
  <name value="Imunobiológico" />
  <status value="active" />
  <experimental value="false" />
  <date value="2020-03-12T13:10:47.5330686+00:00" />
  <publisher value="Ministério da Saúde do Brasil" />
  <description value="Tipos de imunobiológicos disponíveis no Brasil." />
  <immutable value="false" />
  <compose>
    <include>
      <system value="http://www.saude.gov.br/fhir/r4/CodeSystem/BRImunobiologico" />
      <version value="*" />
    </include>
  </compose>
</ValueSet>