<?xml version="1.0" encoding="utf-8"?>
<ValueSet xmlns="http://hl7.org/fhir">
  <id value="9222438f-b6de-4ae0-9243-6b21924531d8" />
  <meta>
    <versionId value="1" />
    <lastUpdated value="2020-03-12T13:11:09.684+00:00" />
  </meta>
  <language value="pt-BR" />
  <url value="http://www.saude.gov.br/fhir/r4/ValueSet/BRLocalAfericao-1.0" />
  <version value="1.0" />
  <name value="Local de Aferição" />
  <status value="active" />
  <experimental value="false" />
  <date value="2020-03-12T13:11:08.642377+00:00" />
  <publisher value="Ministério da Saúde do Brasil" />
  <description value="ValueSet utilizado para identificar a parte do corpo utilizada para aferir a pressão arterial." />
  <immutable value="false" />
  <compose>
    <include>
      <system value="http://www.saude.gov.br/fhir/r4/CodeSystem/BRLocalAfericao" />
      <version value="*" />
    </include>
  </compose>
</ValueSet>