<?xml version="1.0" encoding="utf-8"?>
<ValueSet xmlns="http://hl7.org/fhir">
  <id value="407f6ddb-48f2-4c33-91a3-5053378e26bc" />
  <meta>
    <versionId value="1" />
    <lastUpdated value="2020-03-12T13:11:20.988+00:00" />
  </meta>
  <language value="pt-BR" />
  <url value="http://www.saude.gov.br/fhir/r4/ValueSet/BRLocalAplicacao-1.0" />
  <version value="1.0" />
  <name value="Local de Aplicação" />
  <status value="active" />
  <experimental value="false" />
  <date value="2020-03-12T13:11:19.8133038+00:00" />
  <publisher value="Ministério da Saúde do Brasil" />
  <description value="Localização anatômica para aplicação de um injetável." />
  <immutable value="false" />
  <compose>
    <include>
      <system value="http://www.saude.gov.br/fhir/r4/CodeSystem/BRLocalAplicacao" />
      <version value="*" />
    </include>
  </compose>
</ValueSet>