<?xml version="1.0" encoding="utf-8"?>
<ValueSet xmlns="http://hl7.org/fhir">
  <id value="005a7f17-cd1d-4433-a430-5db9c01d5408" />
  <meta>
    <versionId value="1" />
    <lastUpdated value="2020-03-12T13:12:20.239+00:00" />
  </meta>
  <language value="pt-BR" />
  <url value="http://www.saude.gov.br/fhir/r4/ValueSet/BRMedicamento-1.0" />
  <version value="1.0" />
  <name value="Medicamento" />
  <status value="active" />
  <experimental value="false" />
  <date value="2020-03-12T13:12:19.2820426+00:00" />
  <publisher value="Ministério da Saúde do Brasil" />
  <description value="Identifica um medicamento." />
  <immutable value="false" />
  <compose>
    <include>
      <system value="http://www.saude.gov.br/fhir/r4/CodeSystem/BRMedicamento" />
      <version value="*" />
    </include>
  </compose>
</ValueSet>