<?xml version="1.0" encoding="utf-8"?>
<ValueSet xmlns="http://hl7.org/fhir">
  <id value="9a6ebdbc-1ce7-43d4-9e7a-7d234e9e7911" />
  <meta>
    <versionId value="1" />
    <lastUpdated value="2020-03-12T13:18:05.317+00:00" />
  </meta>
  <language value="pt-BR" />
  <url value="http://www.saude.gov.br/fhir/r4/ValueSet/BRMotivoDesfecho-1.0" />
  <version value="1.0" />
  <name value="Motivo do desfecho do Contato assistencial" />
  <status value="active" />
  <experimental value="false" />
  <date value="2020-03-12T13:18:04.0945614+00:00" />
  <publisher value="Ministério da Saúde do Brasil" />
  <description value="ValueSet utilizado para classificar o motivo de conclusão total ou parcial do contato assistencial." />
  <immutable value="false" />
  <compose>
    <include>
      <system value="http://www.saude.gov.br/fhir/r4/CodeSystem/BRMotivoDesfecho" />
      <version value="*" />
    </include>
  </compose>
</ValueSet>