<?xml version="1.0" encoding="utf-8"?>
<ValueSet xmlns="http://hl7.org/fhir">
  <id value="eda0b1d1-a383-4a1d-b070-be7c9082624b" />
  <meta>
    <versionId value="1" />
    <lastUpdated value="2020-03-12T13:22:15.977+00:00" />
  </meta>
  <language value="pt-BR" />
  <url value="http://www.saude.gov.br/fhir/r4/ValueSet/BRNaturezaJuridica-1.0" />
  <version value="1.0" />
  <name value="Natureza Jurídica" />
  <status value="active" />
  <experimental value="false" />
  <date value="2020-03-12T13:22:15.2636027+00:00" />
  <publisher value="Ministério da Saúde do Brasil" />
  <description value="Identifica a constituição jurídico-institucional das entidades públicas e privadas nos cadastros da administração pública do Brasil." />
  <immutable value="false" />
  <compose>
    <include>
      <system value="http://www.saude.gov.br/fhir/r4/CodeSystem/BRNaturezaJuridica" />
      <version value="*" />
    </include>
  </compose>
</ValueSet>