<?xml version="1.0" encoding="utf-8"?>
<ValueSet xmlns="http://hl7.org/fhir">
  <id value="28e0206b-5859-4bcb-90c9-7cb06acef242" />
  <meta>
    <versionId value="1" />
    <lastUpdated value="2020-03-12T13:23:35.896+00:00" />
  </meta>
  <language value="pt-BR" />
  <url value="http://www.saude.gov.br/fhir/r4/ValueSet/BRPosicaoIndividuo-1.0" />
  <version value="1.0" />
  <name value="Posição do Indivíduo" />
  <status value="active" />
  <experimental value="false" />
  <date value="2020-03-12T13:23:34.4184256+00:00" />
  <publisher value="Ministério da Saúde do Brasil" />
  <description value="ValueSet utilizado para identificar a posição do indivíduo no momento da ação / procedimento." />
  <immutable value="false" />
  <compose>
    <include>
      <system value="http://www.saude.gov.br/fhir/r4/CodeSystem/BRPosicaoIndividuo" />
      <version value="*" />
    </include>
  </compose>
</ValueSet>