<?xml version="1.0" encoding="utf-8"?>
<ValueSet xmlns="http://hl7.org/fhir">
  <id value="f4bd93ea-6889-4417-bf55-68cec1ecdc22" />
  <meta>
    <versionId value="1" />
    <lastUpdated value="2020-03-12T13:25:28.109+00:00" />
  </meta>
  <language value="pt-BR" />
  <url value="http://www.saude.gov.br/fhir/r4/ValueSet/BRProgramaSaude-1.0" />
  <version value="1.0" />
  <name value="Programa de Saúde" />
  <status value="active" />
  <experimental value="false" />
  <date value="2020-03-12T13:25:27.3715606+00:00" />
  <publisher value="Ministério da Saúde do Brasil" />
  <description value="Identifica programas de saúde." />
  <immutable value="false" />
  <compose>
    <include>
      <system value="http://www.saude.gov.br/fhir/r4/CodeSystem/BRProgramaSaude" />
      <version value="*" />
    </include>
  </compose>
</ValueSet>