<?xml version="1.0" encoding="utf-8"?>
<ValueSet xmlns="http://hl7.org/fhir">
  <id value="d50deb66-f886-4702-9c21-2ca1bf4496eb" />
  <meta>
    <versionId value="1" />
    <lastUpdated value="2020-03-12T13:26:04.161+00:00" />
  </meta>
  <language value="pt-BR" />
  <url value="http://www.saude.gov.br/fhir/r4/ValueSet/BRSexo-1.0" />
  <version value="1.0" />
  <name value="Sexo" />
  <status value="active" />
  <experimental value="false" />
  <date value="2020-03-12T13:26:03.4193266+00:00" />
  <publisher value="Ministério da Saúde do Brasil" />
  <description value="Sexo de um indivíduo." />
  <immutable value="false" />
  <compose>
    <include>
      <system value="http://hl7.org/fhir/ValueSet/administrative-gender" />
      <version value="*" />
      <concept>
        <code value="male" />
        <display value="Masculino" />
      </concept>
      <concept>
        <code value="female" />
        <display value="Feminino" />
      </concept>
      <concept>
        <code value="unknown" />
        <display value="Ignorado" />
      </concept>
    </include>
  </compose>
</ValueSet>