<?xml version="1.0" encoding="utf-8"?>
<ValueSet xmlns="http://hl7.org/fhir">
  <id value="68fd61d1-1dae-42af-93f3-3ac526ddd4c8" />
  <meta>
    <versionId value="1" />
    <lastUpdated value="2020-03-12T14:51:12.527+00:00" />
  </meta>
  <language value="pt-BR" />
  <url value="http://www.saude.gov.br/fhir/r4/ValueSet/BRUnidadeFarmaceutica-1.0" />
  <version value="1.0" />
  <name value="Unidade Farmacêutica" />
  <status value="active" />
  <experimental value="false" />
  <date value="2020-03-12T14:51:12.1275181+00:00" />
  <publisher value="Ministério da Saúde do Brasil" />
  <description value="Identifica a unidade farmacêutica do medicamento conforme Base Nacional da Assistência Farmacêutica (BNAFAR)." />
  <immutable value="false" />
  <compose>
    <include>
      <system value="http://www.saude.gov.br/fhir/r4/CodeSystem/BRUnidadeFarmaceutica" />
      <version value="*" />
    </include>
  </compose>
</ValueSet>