<?xml version="1.0" encoding="utf-8"?>
<CodeSystem xmlns="http://hl7.org/fhir">
  <id value="102cd026-c627-48b8-b584-aae681ae2d1d" />
  <meta>
    <versionId value="2" />
    <lastUpdated value="2020-03-11T11:56:57.342+00:00" />
  </meta>
  <language value="pt-BR" />
  <url value="http://www.saude.gov.br/fhir/r4/CodeSystem/BRCaraterAtendimento" />
  <version value="201701A" />
  <name value="Caráter de Atendimento" />
  <status value="active" />
  <experimental value="false" />
  <date value="2020-03-11T11:57:17.2973841+00:00" />
  <publisher value="Ministério da Saúde do Brasil" />
  <description value="Terminologia que classifica a prioridade de realização de um Contato Assistencial." />
  <content value="complete" />
  <concept>
    <code value="01" />
    <display value="Eletivo" />
  </concept>
  <concept>
    <code value="02" />
    <display value="Urgência" />
  </concept>
</CodeSystem>