<?xml version="1.0" encoding="utf-8"?>
<CodeSystem xmlns="http://hl7.org/fhir">
  <id value="aca99388-4ee6-4d39-a0ae-4760df78cb8a" />
  <meta>
    <versionId value="2" />
    <lastUpdated value="2020-03-11T19:12:17.637+00:00" />
  </meta>
  <language value="pt-BR" />
  <url value="http://www.saude.gov.br/fhir/r4/CodeSystem/BRClassificacaoLista" />
  <version value="201701A" />
  <name value="Classificações das listas" />
  <status value="active" />
  <experimental value="false" />
  <date value="2020-03-11T19:12:38.106929+00:00" />
  <publisher value="Ministério da Saúde do Brasil" />
  <description value="Classificações das listas utilizadas na Rede Nacional de Dados em Saúde." />
  <content value="complete" />
  <concept>
    <code value="immunizations" />
    <display value="Lista de Imunobiológicos" />
  </concept>
  <concept>
    <code value="medications" />
    <display value="Lista de Medicamentos" />
  </concept>
</CodeSystem>