<?xml version="1.0" encoding="utf-8"?>
<CodeSystem xmlns="http://hl7.org/fhir">
  <id value="35402746-40f1-4732-9739-17c22ef9b4bc" />
  <meta>
    <versionId value="1" />
    <lastUpdated value="2020-03-11T18:12:55.356+00:00" />
  </meta>
  <language value="pt-BR" />
  <url value="http://www.saude.gov.br/fhir/r4/CodeSystem/BRImunobiologico" />
  <version value="201701A" />
  <name value="Imunobiológico" />
  <status value="active" />
  <experimental value="false" />
  <date value="2020-03-11T18:13:15.6103207+00:00" />
  <publisher value="Ministério da Saúde do Brasil" />
  <description value="Classifica os tipos de imunobiológicos." />
  <content value="complete" />
  <concept>
    <code value="1" />
    <display value="Imunoglobulina anti tetânica" />
  </concept>
  <concept>
    <code value="2" />
    <display value="Soro antitetânico" />
  </concept>
  <concept>
    <code value="3" />
    <display value="soro antiaracnídico (Loxosceles, Phoneutria e Tityus)" />
  </concept>
  <concept>
    <code value="4" />
    <display value="Soro antiescorpiônico" />
  </concept>
  <concept>
    <code value="5" />
    <display value="Vacina adsorvida difteria e tétano infantil" />
  </concept>
  <concept>
    <code value="6" />
    <display value="Soro antielapídico (bivalente)" />
  </concept>
  <concept>
    <code value="7" />
    <display value="Soro anti-rábico" />
  </concept>
  <concept>
    <code value="8" />
    <display value="Soro antibotrópico (pentavalente)" />
  </concept>
  <concept>
    <code value="9" />
    <display value="Vacina hepatite B (recombinante)" />
  </concept>
  <concept>
    <code value="10" />
    <display value="Soro antidiftérico" />
  </concept>
  <concept>
    <code value="11" />
    <display value="Soro antibotrópico (pentavalente) e anticrotálico" />
  </concept>
  <concept>
    <code value="12" />
    <display value="Soro antibotrópico (pentavalente) e antilaquético" />
  </concept>
  <concept>
    <code value="13" />
    <display value="Vacina meningocócica AC (polissacarídica)" />
  </concept>
  <concept>
    <code value="14" />
    <display value="Vacina febre amarela (atenuada)" />
  </concept>
  <concept>
    <code value="15" />
    <display value="Vacina BCG" />
  </concept>
  <concept>
    <code value="16" />
    <display value="Soro  anticrotálico" />
  </concept>
  <concept>
    <code value="17" />
    <display value="Vacina Haemophilus influenza b (conjugada)" />
  </concept>
  <concept>
    <code value="18" />
    <display value="Raiva em cultivo celular Embrião de Galinha" />
  </concept>
  <concept>
    <code value="19" />
    <display value="Imunoglobulina anti varicela zoster" />
  </concept>
  <concept>
    <code value="20" />
    <display value="Imunoglobulina da hepatite B" />
  </concept>
  <concept>
    <code value="21" />
    <display value="Vacina pneumocócica 23-valente (polissacarídica)" />
  </concept>
  <concept>
    <code value="22" />
    <display value="Vacina poliomelite 1, 2 e 3 (inativada)" />
  </concept>
  <concept>
    <code value="23" />
    <display value="Imunoglobulina anti rábica" />
  </concept>
  <concept>
    <code value="24" />
    <display value="Vacina sarampo, caxumba, rubéola" />
  </concept>
  <concept>
    <code value="25" />
    <display value="Vacina adsorvida difteria e tétano adulto" />
  </concept>
  <concept>
    <code value="26" />
    <display value="Vacina pneumocócica 10-valente(conjugada)" />
  </concept>
  <concept>
    <code value="27" />
    <display value="Soro antilatrodectus" />
  </concept>
  <concept>
    <code value="28" />
    <display value="Vacina poliomielite 1 e 3 (atenuada)" />
  </concept>
  <concept>
    <code value="29" />
    <display value="Vacina acelular adsorvida difteria, tétano, pertussis, poliomielite 1, 2, 3 (inativada), Haemophilus influenzae b (conjugada)" />
  </concept>
  <concept>
    <code value="30" />
    <display value="Vacina febre tifóide (polissacarídica)" />
  </concept>
  <concept>
    <code value="31" />
    <display value="Soro antiloxoscélico (trivalente)" />
  </concept>
  <concept>
    <code value="32" />
    <display value="Soro antilonômico" />
  </concept>
  <concept>
    <code value="33" />
    <display value="Vacina influenza Trivalente (fracionada, inativada)" />
  </concept>
  <concept>
    <code value="34" />
    <display value="Vacina varicela (atenuada)" />
  </concept>
  <concept>
    <code value="35" />
    <display value="Vacina adsorvida hepatite A (inativada, virossomal)" />
  </concept>
  <concept>
    <code value="36" />
    <display value="Vacina sarampo, rubéola" />
  </concept>
  <concept>
    <code value="37" />
    <display value="Raiva em cultivo celular Vero" />
  </concept>
  <concept>
    <code value="38" />
    <display value="Soro antibotulínico (trivalente)" />
  </concept>
  <concept>
    <code value="39" />
    <display value="Vacina adsorvida difteria, tétano, pertussis* e Haemophilus influenzae b (conjugada)" />
  </concept>
  <concept>
    <code value="40" />
    <display value="Vacina pneumocócica 7-valente (conjugada)" />
  </concept>
  <concept>
    <code value="41" />
    <display value="Vacina meningocócica C (conjugada)" />
  </concept>
  <concept>
    <code value="42" />
    <display value="Vacina adsorvida difteria, tétano, pertussis*, hepatite B (recombinante) e Haemophilus influenzae b (conjugada)" />
  </concept>
  <concept>
    <code value="43" />
    <display value="Vacina acelular adsorvida difteria, tétano, pertussis, poliomielite 1, 2, 3 (inativada), Haemophilus influenzae b e hepatite b (conbinada)" />
  </concept>
  <concept>
    <code value="44" />
    <display value="Vacina influenza H1N1" />
  </concept>
  <concept>
    <code value="45" />
    <display value="Vacina rotavírus humano G1P1[8] (atenuada)" />
  </concept>
  <concept>
    <code value="46" />
    <display value="Vacina adsorvida difteria, tétano e pertussis" />
  </concept>
  <concept>
    <code value="47" />
    <display value="Vacina adsorvida difteria, tétano e pertussis (acelular)" />
  </concept>
  <concept>
    <code value="51" />
    <display value="Vacina febre tifóide (atenuada)" />
  </concept>
  <concept>
    <code value="55" />
    <display value="Vacina adsorvida hepatite A (inativada, virossomal), dose pediátrica" />
  </concept>
  <concept>
    <code value="56" />
    <display value="Vacina sarampo, caxumba, rubéola e varicela" />
  </concept>
  <concept>
    <code value="57" />
    <display value="Vacina acelular adsorvida difteria, tétano, pertussis, dose adulto" />
  </concept>
  <concept>
    <code value="58" />
    <display value="Vacina acelular adsorvida difteria, tétano, pertussis, poliomielite1;2;3 (inativada)" />
  </concept>
  <concept>
    <code value="59" />
    <display value="Vacina pneumocócica 13-valente" />
  </concept>
  <concept>
    <code value="60" />
    <display value="vacina papilomavírus humano 16 e 18 (recombinante)" />
  </concept>
  <concept>
    <code value="61" />
    <display value="Vacina Toxóide tetânico" />
  </concept>
  <concept>
    <code value="62" />
    <display value="Vacina adsorvida hepatite A, hepatite B(recombinante) pediátrica" />
  </concept>
  <concept>
    <code value="63" />
    <display value="Vacina adsorvida hepatite A, hepatite B(recombinante)" />
  </concept>
  <concept>
    <code value="64" />
    <display value="Vacina influenza intradérmica" />
  </concept>
  <concept>
    <code value="65" />
    <display value="Vacina rotavírus humano(pentavalente)" />
  </concept>
  <concept>
    <code value="66" />
    <display value="Vacina meningocócica BC" />
  </concept>
  <concept>
    <code value="67" />
    <display value="Vacina quadrivalente recombinante contra papilomavírus humano (tipos 6, 11, 16 e 18)" />
  </concept>
  <concept>
    <code value="68" />
    <display value="Vacina Papiloma vírus humano" />
  </concept>
  <concept>
    <code value="69" />
    <display value="Soro antibotulínico (bivalente) Soroterapia" />
  </concept>
  <concept>
    <code value="70" />
    <display value="Sarampo Monovalente" />
  </concept>
  <concept>
    <code value="71" />
    <display value="Rubéola Monovalente" />
  </concept>
  <concept>
    <code value="72" />
    <display value="Gripe (anual)" />
  </concept>
  <concept>
    <code value="73" />
    <display value="Quádrupla viral (SCR + varicela)" />
  </concept>
  <concept>
    <code value="74" />
    <display value="Vacina meningocócica ACYW135(polissacarídica)" />
  </concept>
  <concept>
    <code value="75" />
    <display value="Vacina Cólera(bivalente)" />
  </concept>
  <concept>
    <code value="76" />
    <display value="Vacina Herpes Zoster (atenuada)" />
  </concept>
  <concept>
    <code value="77" />
    <display value="Vacina influenza Tetravalente/Quadrivalente (fracionada, inativada)" />
  </concept>
  <concept>
    <code value="78" />
    <display value="Vacina adsorvida meningocócica B (recombinante)" />
  </concept>
  <concept>
    <code value="82" />
    <display value="Vacina Dengue 1, 2, 3 e 4 (recomb e atenuada)" />
  </concept>
  <concept>
    <code value="83" />
    <display value="Hepatite A Adulto (1ml)" />
  </concept>
  <concept>
    <code value="84" />
    <display value="Febre Amarela-Dose fracionada (0, 1 ml)" />
  </concept>
</CodeSystem>