<?xml version="1.0" encoding="utf-8"?>
<CodeSystem xmlns="http://hl7.org/fhir">
  <id value="3b782887-2947-47e8-a5ee-c8e67ea28cd1" />
  <meta>
    <versionId value="1" />
    <lastUpdated value="2020-03-11T18:15:34.476+00:00" />
  </meta>
  <language value="pt-BR" />
  <url value="http://www.saude.gov.br/fhir/r4/CodeSystem/BRLocalAplicacao" />
  <version value="201701A" />
  <name value="Local de Aplicação" />
  <status value="active" />
  <experimental value="false" />
  <date value="2020-03-11T18:15:54.9540124+00:00" />
  <publisher value="Ministério da Saúde do Brasil" />
  <description value="Define a localização anatômica de aplicação de um injetável" />
  <content value="complete" />
  <concept>
    <code value="1" />
    <display value="Déltoide Direito" />
  </concept>
  <concept>
    <code value="2" />
    <display value="Deltóide Esquerdo" />
  </concept>
  <concept>
    <code value="3" />
    <display value="Vasto Lateral da Coxa Direita" />
  </concept>
  <concept>
    <code value="4" />
    <display value="Vasto Lateral da Coxa Esquerda" />
  </concept>
  <concept>
    <code value="5" />
    <display value="Ventroglúteo Direito" />
  </concept>
  <concept>
    <code value="6" />
    <display value="Ventroglúteo Esquerdo" />
  </concept>
  <concept>
    <code value="7" />
    <display value="Glúteo" />
  </concept>
  <concept>
    <code value="8" />
    <display value="Ferimento Local" />
  </concept>
</CodeSystem>