<?xml version="1.0" encoding="utf-8"?>
<CodeSystem xmlns="http://hl7.org/fhir">
  <id value="4f4f8584-5313-4614-8399-a536e9bbd23d" />
  <meta>
    <versionId value="1" />
    <lastUpdated value="2020-03-26T13:13:33.703+00:00" />
  </meta>
  <language value="pt-BR" />
  <url value="http://www.saude.gov.br/fhir/r4/CodeSystem/BRNomeExameGAL" />
  <version value="201701A" />
  <name value="Exames do GAL para COVID-19" />
  <status value="active" />
  <experimental value="false" />
  <date value="2020-03-26T13:13:32.5607836+00:00" />
  <publisher value="Ministério da Saúde do Brasil" />
  <description value="Classifica o exame laboratorial realizado em amostra biológica para diagnóstico de COVID-19, de acordo com o Gerenciador de Ambiente Laboratorial (GAL)." />
  <content value="complete" />
  <concept>
    <code value="coronavirusnCoV" />
    <display value="Novo coronavírus (2019-nCoV)" />
  </concept>
</CodeSystem>