<?xml version="1.0" encoding="utf-8"?>
<CodeSystem xmlns="http://hl7.org/fhir">
  <id value="1464ceab-810c-43c7-a6dd-0c7b944de2e2" />
  <meta>
    <versionId value="1" />
    <lastUpdated value="2020-03-11T18:19:46.613+00:00" />
  </meta>
  <language value="pt-BR" />
  <url value="http://www.saude.gov.br/fhir/r4/CodeSystem/BRParentesco" />
  <version value="201701A" />
  <name value="Parentesco" />
  <status value="active" />
  <experimental value="false" />
  <date value="2020-03-11T18:20:06.3399184+00:00" />
  <publisher value="Ministério da Saúde do Brasil" />
  <description value="Classificação da relação familiar entre indivíduos." />
  <content value="complete" />
  <concept>
    <code value="mother" />
    <display value="Mãe" />
  </concept>
  <concept>
    <code value="father" />
    <display value="Pai" />
  </concept>
</CodeSystem>