<?xml version="1.0" encoding="utf-8"?>
<CodeSystem xmlns="http://hl7.org/fhir">
  <id value="ecac67bb-624f-4ae8-98a9-f4315db5f2d2" />
  <meta>
    <versionId value="1" />
    <lastUpdated value="2020-03-11T18:19:34.432+00:00" />
  </meta>
  <language value="pt-BR" />
  <url value="http://www.saude.gov.br/fhir/r4/CodeSystem/BRPais" />
  <version value="201701A" />
  <name value="País" />
  <status value="active" />
  <experimental value="false" />
  <date value="2020-03-11T18:19:54.6263694+00:00" />
  <publisher value="Ministério da Saúde do Brasil" />
  <description value="Códigos para representação de países." />
  <content value="complete" />
  <concept>
    <code value="10" />
    <display value="BRASIL" />
  </concept>
  <concept>
    <code value="20" />
    <display value="RESERVADO" />
  </concept>
  <concept>
    <code value="21" />
    <display value="ARGENTINA" />
  </concept>
  <concept>
    <code value="22" />
    <display value="BOLIVIA" />
  </concept>
  <concept>
    <code value="23" />
    <display value="CHILE" />
  </concept>
  <concept>
    <code value="24" />
    <display value="PARAGUAI" />
  </concept>
  <concept>
    <code value="25" />
    <display value="URUGUAI" />
  </concept>
  <concept>
    <code value="26" />
    <display value="COLOMBIA" />
  </concept>
  <concept>
    <code value="27" />
    <display value="EQUADOR" />
  </concept>
  <concept>
    <code value="28" />
    <display value="ANTIGUA E. DEP. BARBUDA" />
  </concept>
  <concept>
    <code value="29" />
    <display value="ANTILHAS HOLANDESAS" />
  </concept>
  <concept>
    <code value="30" />
    <display value="ALEMANHA" />
  </concept>
  <concept>
    <code value="31" />
    <display value="BELGICA" />
  </concept>
  <concept>
    <code value="32" />
    <display value="GRA-BRETANHA" />
  </concept>
  <concept>
    <code value="33" />
    <display value="ARUBA" />
  </concept>
  <concept>
    <code value="34" />
    <display value="CANADA" />
  </concept>
  <concept>
    <code value="35" />
    <display value="ESPANHA" />
  </concept>
  <concept>
    <code value="36" />
    <display value="ESTADOS UNIDOS DA AMERICA (EUA)" />
  </concept>
  <concept>
    <code value="37" />
    <display value="FRANCA" />
  </concept>
  <concept>
    <code value="38" />
    <display value="SUICA" />
  </concept>
  <concept>
    <code value="39" />
    <display value="ITALIA" />
  </concept>
  <concept>
    <code value="40" />
    <display value="COMUNIDADE DAS BAHAMAS" />
  </concept>
  <concept>
    <code value="41" />
    <display value="JAPAO" />
  </concept>
  <concept>
    <code value="42" />
    <display value="CHINA" />
  </concept>
  <concept>
    <code value="43" />
    <display value="COREIA" />
  </concept>
  <concept>
    <code value="44" />
    <display value="BARBADOS" />
  </concept>
  <concept>
    <code value="45" />
    <display value="PORTUGAL" />
  </concept>
  <concept>
    <code value="46" />
    <display value="BELIZE" />
  </concept>
  <concept>
    <code value="47" />
    <display value="ILHAS TURKS E CAICOS" />
  </concept>
  <concept>
    <code value="48" />
    <display value="RESERVADO" />
  </concept>
  <concept>
    <code value="49" />
    <display value="RESERVADO" />
  </concept>
  <concept>
    <code value="50" />
    <display value="RESERVADO" />
  </concept>
  <concept>
    <code value="51" />
    <display value="COSTA RICA" />
  </concept>
  <concept>
    <code value="52" />
    <display value="CUBA" />
  </concept>
  <concept>
    <code value="53" />
    <display value="CURACAO" />
  </concept>
  <concept>
    <code value="54" />
    <display value="COMUNIDADE DOMINICANA" />
  </concept>
  <concept>
    <code value="55" />
    <display value="REPUBLICA DOMINICANA" />
  </concept>
  <concept>
    <code value="56" />
    <display value="REPUBLICA DE EL SALVADOR" />
  </concept>
  <concept>
    <code value="57" />
    <display value="ESTADOS ASSOC. DAS ANTILHAS" />
  </concept>
  <concept>
    <code value="58" />
    <display value="ILHAS FALKLANDS" />
  </concept>
  <concept>
    <code value="59" />
    <display value="GRANADA" />
  </concept>
  <concept>
    <code value="60" />
    <display value="ILHAS GUADALUPE" />
  </concept>
  <concept>
    <code value="61" />
    <display value="GUATEMALA" />
  </concept>
  <concept>
    <code value="62" />
    <display value="REPUBLICA DO HAITI" />
  </concept>
  <concept>
    <code value="63" />
    <display value="HONDURAS BRITANICAS" />
  </concept>
  <concept>
    <code value="64" />
    <display value="HONDURAS" />
  </concept>
  <concept>
    <code value="65" />
    <display value="ILHAS SERRANAS" />
  </concept>
  <concept>
    <code value="66" />
    <display value="JAMAICA" />
  </concept>
  <concept>
    <code value="67" />
    <display value="ILHAS MALVINAS" />
  </concept>
  <concept>
    <code value="68" />
    <display value="MARTINICA" />
  </concept>
  <concept>
    <code value="69" />
    <display value="ILHA MILHOS" />
  </concept>
  <concept>
    <code value="70" />
    <display value="MONTE SERRAT" />
  </concept>
  <concept>
    <code value="71" />
    <display value="NICARAGUA" />
  </concept>
  <concept>
    <code value="72" />
    <display value="PANAMA" />
  </concept>
  <concept>
    <code value="73" />
    <display value="PANAMA(ZONA DO CANAL)" />
  </concept>
  <concept>
    <code value="74" />
    <display value="PORTO RICO" />
  </concept>
  <concept>
    <code value="75" />
    <display value="QUITASUENO" />
  </concept>
  <concept>
    <code value="76" />
    <display value="RONCADOR" />
  </concept>
  <concept>
    <code value="77" />
    <display value="SANTA LUCIA" />
  </concept>
  <concept>
    <code value="78" />
    <display value="SAO CRISTOVAO" />
  </concept>
  <concept>
    <code value="79" />
    <display value="SAO VICENTE" />
  </concept>
  <concept>
    <code value="80" />
    <display value="ILHAS TURCA" />
  </concept>
  <concept>
    <code value="81" />
    <display value="ILHAS VIRGENS BRITANICAS" />
  </concept>
  <concept>
    <code value="82" />
    <display value="ILHAS VIRGENS AMERICANAS" />
  </concept>
  <concept>
    <code value="83" />
    <display value="BERMUDAS" />
  </concept>
  <concept>
    <code value="84" />
    <display value="GROENLANDIA" />
  </concept>
  <concept>
    <code value="85" />
    <display value="MEXICO" />
  </concept>
  <concept>
    <code value="86" />
    <display value="ST. PIERRE ET MIQUELON" />
  </concept>
  <concept>
    <code value="87" />
    <display value="GUIANA FRANCESA" />
  </concept>
  <concept>
    <code value="88" />
    <display value="REPUBLICA GUIANA" />
  </concept>
  <concept>
    <code value="89" />
    <display value="PERU" />
  </concept>
  <concept>
    <code value="90" />
    <display value="SURINAME" />
  </concept>
  <concept>
    <code value="91" />
    <display value="TRINIDAD E TOBAGO" />
  </concept>
  <concept>
    <code value="92" />
    <display value="VENEZUELA" />
  </concept>
  <concept>
    <code value="93" />
    <display value="ALBANIA" />
  </concept>
  <concept>
    <code value="94" />
    <display value="ANDORRA" />
  </concept>
  <concept>
    <code value="95" />
    <display value="AUSTRIA" />
  </concept>
  <concept>
    <code value="96" />
    <display value="BULGARIA" />
  </concept>
  <concept>
    <code value="97" />
    <display value="CHIPRE" />
  </concept>
  <concept>
    <code value="98" />
    <display value="DINAMARCA" />
  </concept>
  <concept>
    <code value="99" />
    <display value="EIRE" />
  </concept>
  <concept>
    <code value="100" />
    <display value="ESCOCIA" />
  </concept>
  <concept>
    <code value="101" />
    <display value="ILHAS FAROES" />
  </concept>
  <concept>
    <code value="102" />
    <display value="FINLANDIA" />
  </concept>
  <concept>
    <code value="103" />
    <display value="GIBRALTAR" />
  </concept>
  <concept>
    <code value="104" />
    <display value="GRECIA" />
  </concept>
  <concept>
    <code value="105" />
    <display value="HOLANDA" />
  </concept>
  <concept>
    <code value="106" />
    <display value="HUNGRIA" />
  </concept>
  <concept>
    <code value="107" />
    <display value="ILHAS BALEARES" />
  </concept>
  <concept>
    <code value="108" />
    <display value="ILHAS COSMOLEDO (LOMORES)" />
  </concept>
  <concept>
    <code value="109" />
    <display value="ILHAS DO CANAL" />
  </concept>
  <concept>
    <code value="110" />
    <display value="INGLATERRA" />
  </concept>
  <concept>
    <code value="111" />
    <display value="IRLANDA DO NORTE" />
  </concept>
  <concept>
    <code value="112" />
    <display value="IRLANDA" />
  </concept>
  <concept>
    <code value="113" />
    <display value="ISLANDIA" />
  </concept>
  <concept>
    <code value="114" />
    <display value="IUGOSLAVIA" />
  </concept>
  <concept>
    <code value="115" />
    <display value="LIECHTENSTEIN" />
  </concept>
  <concept>
    <code value="116" />
    <display value="LUXEMBURGO" />
  </concept>
  <concept>
    <code value="117" />
    <display value="ILHAS DE MAN" />
  </concept>
  <concept>
    <code value="118" />
    <display value="MONACO" />
  </concept>
  <concept>
    <code value="119" />
    <display value="NORUEGA" />
  </concept>
  <concept>
    <code value="120" />
    <display value="REPUBLICA DE MALTA" />
  </concept>
  <concept>
    <code value="121" />
    <display value="PAIS DE GALES" />
  </concept>
  <concept>
    <code value="122" />
    <display value="PAISES BAIXOS" />
  </concept>
  <concept>
    <code value="123" />
    <display value="POLONIA" />
  </concept>
  <concept>
    <code value="124" />
    <display value="ROMENIA" />
  </concept>
  <concept>
    <code value="125" />
    <display value="SAN MARINO" />
  </concept>
  <concept>
    <code value="126" />
    <display value="SUECIA" />
  </concept>
  <concept>
    <code value="127" />
    <display value="SVALBARD E JAN MAYER,IS" />
  </concept>
  <concept>
    <code value="128" />
    <display value="TCHECOSLOVAQUIA" />
  </concept>
  <concept>
    <code value="129" />
    <display value="ESTADO DA CIDADE DO VATICANO" />
  </concept>
  <concept>
    <code value="130" />
    <display value="CROACIA" />
  </concept>
  <concept>
    <code value="131" />
    <display value="SERVIA" />
  </concept>
  <concept>
    <code value="132" />
    <display value="ESLOVENIA" />
  </concept>
  <concept>
    <code value="133" />
    <display value="REPUBLICA DA MACEDONIA" />
  </concept>
  <concept>
    <code value="134" />
    <display value="BOSNIA HERZEGOVINA" />
  </concept>
  <concept>
    <code value="135" />
    <display value="REPUBLICA TCHECA" />
  </concept>
  <concept>
    <code value="136" />
    <display value="ESLOVAQUIA" />
  </concept>
  <concept>
    <code value="137" />
    <display value="MONTENEGRO" />
  </concept>
  <concept>
    <code value="138" />
    <display value="AZERBAIJAO" />
  </concept>
  <concept>
    <code value="139" />
    <display value="BASHKISTA" />
  </concept>
  <concept>
    <code value="140" />
    <display value="REPUBLICA DA BIELORRUSSIA" />
  </concept>
  <concept>
    <code value="141" />
    <display value="BURYAT" />
  </concept>
  <concept>
    <code value="142" />
    <display value="CARELIA" />
  </concept>
  <concept>
    <code value="143" />
    <display value="CAZAQUISTAO" />
  </concept>
  <concept>
    <code value="144" />
    <display value="CHECHEN INGUSTH" />
  </concept>
  <concept>
    <code value="145" />
    <display value="CHUVASH" />
  </concept>
  <concept>
    <code value="146" />
    <display value="DAGESTA" />
  </concept>
  <concept>
    <code value="147" />
    <display value="ESTONIA" />
  </concept>
  <concept>
    <code value="148" />
    <display value="GEORGIA" />
  </concept>
  <concept>
    <code value="149" />
    <display value="GORNO ALTAI" />
  </concept>
  <concept>
    <code value="150" />
    <display value="KABARDINO BALKAR" />
  </concept>
  <concept>
    <code value="151" />
    <display value="KALMIR" />
  </concept>
  <concept>
    <code value="152" />
    <display value="KARACHAEVOCHERKESS" />
  </concept>
  <concept>
    <code value="153" />
    <display value="KHAKASS" />
  </concept>
  <concept>
    <code value="154" />
    <display value="KOMI" />
  </concept>
  <concept>
    <code value="155" />
    <display value="LETONIA" />
  </concept>
  <concept>
    <code value="156" />
    <display value="LITUANIA" />
  </concept>
  <concept>
    <code value="157" />
    <display value="MARI" />
  </concept>
  <concept>
    <code value="158" />
    <display value="MOLDAVIA" />
  </concept>
  <concept>
    <code value="159" />
    <display value="OSSETIA SETENTRIONAL" />
  </concept>
  <concept>
    <code value="160" />
    <display value="QUIRGUISTAO" />
  </concept>
  <concept>
    <code value="161" />
    <display value="TADJIQUISTAO" />
  </concept>
  <concept>
    <code value="162" />
    <display value="TARTARIA" />
  </concept>
  <concept>
    <code value="163" />
    <display value="TURCOMENISTAO" />
  </concept>
  <concept>
    <code value="164" />
    <display value="TUVIN" />
  </concept>
  <concept>
    <code value="165" />
    <display value="UCRANIA" />
  </concept>
  <concept>
    <code value="166" />
    <display value="UDMURT" />
  </concept>
  <concept>
    <code value="167" />
    <display value="UNIAO SOVIETICA" />
  </concept>
  <concept>
    <code value="168" />
    <display value="UZBEQUISTAO" />
  </concept>
  <concept>
    <code value="169" />
    <display value="YAKUT" />
  </concept>
  <concept>
    <code value="170" />
    <display value="ABISSINIA" />
  </concept>
  <concept>
    <code value="171" />
    <display value="ACORES" />
  </concept>
  <concept>
    <code value="172" />
    <display value="AFAR FRANCES" />
  </concept>
  <concept>
    <code value="173" />
    <display value="REPUBLICA DA AFRICA DO SUL" />
  </concept>
  <concept>
    <code value="174" />
    <display value="ALTA VOLTA" />
  </concept>
  <concept>
    <code value="175" />
    <display value="ANGOLA" />
  </concept>
  <concept>
    <code value="176" />
    <display value="ARGELIA" />
  </concept>
  <concept>
    <code value="177" />
    <display value="BECHUANALANDIA" />
  </concept>
  <concept>
    <code value="178" />
    <display value="BENIN" />
  </concept>
  <concept>
    <code value="179" />
    <display value="BOTSUANA" />
  </concept>
  <concept>
    <code value="180" />
    <display value="BURUNDI" />
  </concept>
  <concept>
    <code value="181" />
    <display value="CAMAROES" />
  </concept>
  <concept>
    <code value="182" />
    <display value="CEUTA E MELILLA" />
  </concept>
  <concept>
    <code value="183" />
    <display value="CHADE" />
  </concept>
  <concept>
    <code value="184" />
    <display value="ILHAS COMORES" />
  </concept>
  <concept>
    <code value="185" />
    <display value="CONGO" />
  </concept>
  <concept>
    <code value="186" />
    <display value="COSTA DO MARFIM" />
  </concept>
  <concept>
    <code value="187" />
    <display value="DAOME" />
  </concept>
  <concept>
    <code value="188" />
    <display value="DJIBUTI" />
  </concept>
  <concept>
    <code value="189" />
    <display value="REPUBLICA ARABE DO EGITO" />
  </concept>
  <concept>
    <code value="190" />
    <display value="ETIOPIA" />
  </concept>
  <concept>
    <code value="191" />
    <display value="REPUBLICA DO GABAO" />
  </concept>
  <concept>
    <code value="192" />
    <display value="GAMBIA" />
  </concept>
  <concept>
    <code value="193" />
    <display value="GANA" />
  </concept>
  <concept>
    <code value="194" />
    <display value="GAZA" />
  </concept>
  <concept>
    <code value="195" />
    <display value="GUINE" />
  </concept>
  <concept>
    <code value="196" />
    <display value="GUINE EQUATORIAL" />
  </concept>
  <concept>
    <code value="197" />
    <display value="IFNI" />
  </concept>
  <concept>
    <code value="198" />
    <display value="ASCENSAO E TRISTAO DA CUNHA,IS" />
  </concept>
  <concept>
    <code value="199" />
    <display value="ILHAS CANARIAS" />
  </concept>
  <concept>
    <code value="200" />
    <display value="LESOTO" />
  </concept>
  <concept>
    <code value="201" />
    <display value="LIBERIA" />
  </concept>
  <concept>
    <code value="202" />
    <display value="LIBIA" />
  </concept>
  <concept>
    <code value="203" />
    <display value="MADEIRA" />
  </concept>
  <concept>
    <code value="204" />
    <display value="MALAWI" />
  </concept>
  <concept>
    <code value="205" />
    <display value="MADAGASCAR" />
  </concept>
  <concept>
    <code value="206" />
    <display value="MALI" />
  </concept>
  <concept>
    <code value="207" />
    <display value="MARROCOS" />
  </concept>
  <concept>
    <code value="208" />
    <display value="MAURICIO" />
  </concept>
  <concept>
    <code value="209" />
    <display value="MAURITANIA" />
  </concept>
  <concept>
    <code value="210" />
    <display value="MOCAMBIQUE" />
  </concept>
  <concept>
    <code value="211" />
    <display value="NGUANE" />
  </concept>
  <concept>
    <code value="212" />
    <display value="REPUBLICA DO NIGER" />
  </concept>
  <concept>
    <code value="213" />
    <display value="NIGERIA" />
  </concept>
  <concept>
    <code value="214" />
    <display value="PAPUA NOVA GUINE" />
  </concept>
  <concept>
    <code value="215" />
    <display value="PRACAS NORTE AFRICANAS" />
  </concept>
  <concept>
    <code value="216" />
    <display value="PROTETOR DO SUDOESTE AFRICANO" />
  </concept>
  <concept>
    <code value="217" />
    <display value="QUENIA" />
  </concept>
  <concept>
    <code value="218" />
    <display value="REPUBLICA CENTRO AFRICANA" />
  </concept>
  <concept>
    <code value="219" />
    <display value="REUNIAO" />
  </concept>
  <concept>
    <code value="220" />
    <display value="RODESIA (ZIMBABWE)" />
  </concept>
  <concept>
    <code value="221" />
    <display value="RUANDA" />
  </concept>
  <concept>
    <code value="222" />
    <display value="SAARA ESPANHOL" />
  </concept>
  <concept>
    <code value="223" />
    <display value="SANTA HELENA" />
  </concept>
  <concept>
    <code value="224" />
    <display value="SAO TOME E PRINCIPE" />
  </concept>
  <concept>
    <code value="225" />
    <display value="SEYCHELLES" />
  </concept>
  <concept>
    <code value="226" />
    <display value="SERRA LEOA" />
  </concept>
  <concept>
    <code value="227" />
    <display value="SOMALIA, REPUBLICA" />
  </concept>
  <concept>
    <code value="228" />
    <display value="SUAZILANDIA" />
  </concept>
  <concept>
    <code value="229" />
    <display value="SUDAO" />
  </concept>
  <concept>
    <code value="230" />
    <display value="TANGANICA" />
  </concept>
  <concept>
    <code value="231" />
    <display value="TERRIT. BRITANICO DO OCEANO INDICO" />
  </concept>
  <concept>
    <code value="232" />
    <display value="TRANSKEI" />
  </concept>
  <concept>
    <code value="233" />
    <display value="TOGO" />
  </concept>
  <concept>
    <code value="234" />
    <display value="TUNISIA" />
  </concept>
  <concept>
    <code value="235" />
    <display value="UGANDA" />
  </concept>
  <concept>
    <code value="236" />
    <display value="ZAIRE" />
  </concept>
  <concept>
    <code value="237" />
    <display value="ZAMBIA" />
  </concept>
  <concept>
    <code value="238" />
    <display value="BURKINA FASSO" />
  </concept>
  <concept>
    <code value="239" />
    <display value="ZIMBABWE" />
  </concept>
  <concept>
    <code value="240" />
    <display value="NAMIBIA" />
  </concept>
  <concept>
    <code value="241" />
    <display value="AFEGANISTAO" />
  </concept>
  <concept>
    <code value="242" />
    <display value="ARABIA SAUDITA" />
  </concept>
  <concept>
    <code value="243" />
    <display value="BAHREIN" />
  </concept>
  <concept>
    <code value="244" />
    <display value="BIRMANIA" />
  </concept>
  <concept>
    <code value="245" />
    <display value="BRUNEI" />
  </concept>
  <concept>
    <code value="246" />
    <display value="BHUTAN" />
  </concept>
  <concept>
    <code value="247" />
    <display value="CATAR" />
  </concept>
  <concept>
    <code value="248" />
    <display value="CEILAO" />
  </concept>
  <concept>
    <code value="249" />
    <display value="CHINA (TAIWAN)" />
  </concept>
  <concept>
    <code value="250" />
    <display value="COVEITE" />
  </concept>
  <concept>
    <code value="251" />
    <display value="EMIRADOS ARABES UNIDOS" />
  </concept>
  <concept>
    <code value="252" />
    <display value="FILIPINAS" />
  </concept>
  <concept>
    <code value="253" />
    <display value="HONG-KONG" />
  </concept>
  <concept>
    <code value="254" />
    <display value="IEMEN" />
  </concept>
  <concept>
    <code value="255" />
    <display value="INDIA" />
  </concept>
  <concept>
    <code value="256" />
    <display value="INDONESIA" />
  </concept>
  <concept>
    <code value="257" />
    <display value="IRA" />
  </concept>
  <concept>
    <code value="258" />
    <display value="IRAQUE" />
  </concept>
  <concept>
    <code value="259" />
    <display value="ISRAEL" />
  </concept>
  <concept>
    <code value="260" />
    <display value="JORDANIA" />
  </concept>
  <concept>
    <code value="261" />
    <display value="KMER/CAMBOJA" />
  </concept>
  <concept>
    <code value="262" />
    <display value="KUWAIT" />
  </concept>
  <concept>
    <code value="263" />
    <display value="LAOS" />
  </concept>
  <concept>
    <code value="264" />
    <display value="LIBANO" />
  </concept>
  <concept>
    <code value="265" />
    <display value="MACAU" />
  </concept>
  <concept>
    <code value="266" />
    <display value="MALASIA" />
  </concept>
  <concept>
    <code value="267" />
    <display value="MALDIVAS,IS" />
  </concept>
  <concept>
    <code value="268" />
    <display value="MASCATE" />
  </concept>
  <concept>
    <code value="269" />
    <display value="MONGOLIA" />
  </concept>
  <concept>
    <code value="270" />
    <display value="NEPAL" />
  </concept>
  <concept>
    <code value="271" />
    <display value="OMAN" />
  </concept>
  <concept>
    <code value="272" />
    <display value="PALESTINA" />
  </concept>
  <concept>
    <code value="273" />
    <display value="PAQUISTAO" />
  </concept>
  <concept>
    <code value="274" />
    <display value="RUIQUIU,IS" />
  </concept>
  <concept>
    <code value="275" />
    <display value="CINGAPURA" />
  </concept>
  <concept>
    <code value="276" />
    <display value="SEQUIN" />
  </concept>
  <concept>
    <code value="277" />
    <display value="SIRIA" />
  </concept>
  <concept>
    <code value="278" />
    <display value="SRI-LANKA" />
  </concept>
  <concept>
    <code value="279" />
    <display value="TAILANDIA" />
  </concept>
  <concept>
    <code value="280" />
    <display value="TREGUA, ESTADO" />
  </concept>
  <concept>
    <code value="281" />
    <display value="TURQUIA" />
  </concept>
  <concept>
    <code value="282" />
    <display value="VIETNA DO NORTE" />
  </concept>
  <concept>
    <code value="283" />
    <display value="VIETNA DO SUL" />
  </concept>
  <concept>
    <code value="284" />
    <display value="MIANMA" />
  </concept>
  <concept>
    <code value="285" />
    <display value="ARQUIPELAGO MANAHIKI" />
  </concept>
  <concept>
    <code value="286" />
    <display value="ARQUIPELAGO MIDWAY" />
  </concept>
  <concept>
    <code value="287" />
    <display value="ASHMORE E CARTIER" />
  </concept>
  <concept>
    <code value="288" />
    <display value="AUSTRALIA" />
  </concept>
  <concept>
    <code value="289" />
    <display value="ARQUIPELAGO DE BISMARK" />
  </concept>
  <concept>
    <code value="290" />
    <display value="ILHAS COOK" />
  </concept>
  <concept>
    <code value="291" />
    <display value="REPUBLICA DE FIJI" />
  </concept>
  <concept>
    <code value="292" />
    <display value="GUAM" />
  </concept>
  <concept>
    <code value="293" />
    <display value="ILHAS BAKER" />
  </concept>
  <concept>
    <code value="294" />
    <display value="ILHAS CANTAO E ENDERBURG" />
  </concept>
  <concept>
    <code value="295" />
    <display value="ILHAS CAROLINAS" />
  </concept>
  <concept>
    <code value="296" />
    <display value="ILHAS DO PACIFICO" />
  </concept>
  <concept>
    <code value="297" />
    <display value="ILHAS CHRISTMAS" />
  </concept>
  <concept>
    <code value="298" />
    <display value="ILHAS GILBERT" />
  </concept>
  <concept>
    <code value="299" />
    <display value="ILHAS HOWLAND E JARVIS" />
  </concept>
  <concept>
    <code value="300" />
    <display value="ILHA JOHNSTON E SAND" />
  </concept>
  <concept>
    <code value="301" />
    <display value="ILHAS KINGMAN REEF" />
  </concept>
  <concept>
    <code value="302" />
    <display value="ILHAS MACQUAIRE" />
  </concept>
  <concept>
    <code value="303" />
    <display value="ILHAS MARIANAS" />
  </concept>
  <concept>
    <code value="304" />
    <display value="ILHAS MARSHALL" />
  </concept>
  <concept>
    <code value="305" />
    <display value="ILHAS MACDONAL E HEARD" />
  </concept>
  <concept>
    <code value="306" />
    <display value="ILHAS NIUE" />
  </concept>
  <concept>
    <code value="307" />
    <display value="ILHAS NORFOLK" />
  </concept>
  <concept>
    <code value="308" />
    <display value="ILHAS PALAU" />
  </concept>
  <concept>
    <code value="309" />
    <display value="ILHAS SALOMAO" />
  </concept>
  <concept>
    <code value="310" />
    <display value="ILHAS TOKELAU" />
  </concept>
  <concept>
    <code value="311" />
    <display value="ILHAS WAKE" />
  </concept>
  <concept>
    <code value="312" />
    <display value="KALIMATAN" />
  </concept>
  <concept>
    <code value="313" />
    <display value="ILHAS LINHA" />
  </concept>
  <concept>
    <code value="314" />
    <display value="NAURU" />
  </concept>
  <concept>
    <code value="315" />
    <display value="ILHAS NOVA CALEDONIA" />
  </concept>
  <concept>
    <code value="316" />
    <display value="NOVA GUINE" />
  </concept>
  <concept>
    <code value="317" />
    <display value="NOVA ZELANDIA" />
  </concept>
  <concept>
    <code value="318" />
    <display value="ILHAS NOVAS HEBRIDAS" />
  </concept>
  <concept>
    <code value="319" />
    <display value="TERRITORIO DE PAPUA" />
  </concept>
  <concept>
    <code value="320" />
    <display value="ILHAS PASCOA" />
  </concept>
  <concept>
    <code value="321" />
    <display value="ILHAS PITCAIRIN" />
  </concept>
  <concept>
    <code value="322" />
    <display value="POLINESIA FRANCESA" />
  </concept>
  <concept>
    <code value="323" />
    <display value="SABAH" />
  </concept>
  <concept>
    <code value="324" />
    <display value="SAMOA AMERICANA" />
  </concept>
  <concept>
    <code value="325" />
    <display value="SAMOA OCIDENTAL" />
  </concept>
  <concept>
    <code value="326" />
    <display value="ILHAS SANTA CRUZ" />
  </concept>
  <concept>
    <code value="327" />
    <display value="SARAWAK" />
  </concept>
  <concept>
    <code value="328" />
    <display value="TERRITORIO DE COCOS" />
  </concept>
  <concept>
    <code value="329" />
    <display value="TIMOR" />
  </concept>
  <concept>
    <code value="330" />
    <display value="TONGA" />
  </concept>
  <concept>
    <code value="331" />
    <display value="TUVALU" />
  </concept>
  <concept>
    <code value="332" />
    <display value="ILHAS WALLIS E FUTUNA" />
  </concept>
  <concept>
    <code value="333" />
    <display value="ANTARTICO BRITANICO, TERRITORIO" />
  </concept>
  <concept>
    <code value="334" />
    <display value="ANTARTICA FRANCESA" />
  </concept>
  <concept>
    <code value="335" />
    <display value="TERR. ANTARTICO DA AUSTRALIA" />
  </concept>
  <concept>
    <code value="336" />
    <display value="ANTARTICO CHILENO" />
  </concept>
  <concept>
    <code value="337" />
    <display value="ANTARTICO ARGENTINO" />
  </concept>
  <concept>
    <code value="338" />
    <display value="ANTARTICO NORUEGUES" />
  </concept>
  <concept>
    <code value="339" />
    <display value="APATRIDA" />
  </concept>
  <concept>
    <code value="340" />
    <display value="DEPENDENCIA DE ROSS" />
  </concept>
  <concept>
    <code value="341" />
    <display value="TERRAS AUSTRAIS" />
  </concept>
  <concept>
    <code value="342" />
    <display value="BANGLADESH" />
  </concept>
  <concept>
    <code value="343" />
    <display value="CABO VERDE" />
  </concept>
  <concept>
    <code value="344" />
    <display value="GUINE BISSAU" />
  </concept>
  <concept>
    <code value="345" />
    <display value="IEMEN DO SUL" />
  </concept>
  <concept>
    <code value="346" />
    <display value="KARA KALPAK" />
  </concept>
  <concept>
    <code value="347" />
    <display value="ARMENIA" />
  </concept>
  <concept>
    <code value="348" />
    <display value="RUSSIA" />
  </concept>
  <concept>
    <code value="349" />
    <display value="SENEGAL" />
  </concept>
  <concept>
    <code value="350" />
    <display value="TANZANIA" />
  </concept>
  <concept>
    <code value="351" />
    <display value="MALAUI" />
  </concept>
  <concept>
    <code value="352" />
    <display value="REPÚBLICA DO SUDÃO DO SUL" />
  </concept>
  <concept>
    <code value="353" />
    <display value="ERITREIA" />
  </concept>
  <concept>
    <code value="354" />
    <display value="DOMINICA" />
  </concept>
  <concept>
    <code value="355" />
    <display value="COREIA, REPUBLICA DA (COREIA DO SUL)" />
  </concept>
  <concept>
    <code value="356" />
    <display value="CONGO, REPUBLICA DO (BRAZZAVILLE)" />
  </concept>
  <concept>
    <code value="357" />
    <display value="ANGUILLA" />
  </concept>
  <concept>
    <code value="358" />
    <display value="ILHAS CAYMAN" />
  </concept>
  <concept>
    <code value="359" />
    <display value="ILHAS DE GUERNSEY" />
  </concept>
  <concept>
    <code value="360" />
    <display value="ILHAS DE JERSEY" />
  </concept>
  <concept>
    <code value="361" />
    <display value="ILHAS GEORGIA DO SUL E ILHAS SANDWICH DO SUL" />
  </concept>
  <concept>
    <code value="362" />
    <display value="MAYOTTE, ILHA" />
  </concept>
  <concept>
    <code value="363" />
    <display value="QUIRIBATI" />
  </concept>
</CodeSystem>