<?xml version="1.0" encoding="utf-8"?>
<CodeSystem xmlns="http://hl7.org/fhir">
  <id value="87d36c67-e86b-431d-adc4-22a2bc0d6d5f" />
  <meta>
    <versionId value="1" />
    <lastUpdated value="2020-03-11T18:20:03.689+00:00" />
  </meta>
  <language value="pt-BR" />
  <url value="http://www.saude.gov.br/fhir/r4/CodeSystem/BRProcedencia" />
  <version value="201701A" />
  <name value="Procedência" />
  <status value="active" />
  <experimental value="false" />
  <date value="2020-03-11T18:20:24.189314+00:00" />
  <publisher value="Ministério da Saúde do Brasil" />
  <description value="Identifica o serviço que encaminhou o indivíduo ou a sua iniciativa/de seu responsável na busca pelo acesso ao serviço de saúde." />
  <content value="complete" />
  <concept>
    <code value="09" />
    <display value="Demanda espontânea" />
  </concept>
  <concept>
    <code value="10" />
    <display value="Ordem Judicial" />
  </concept>
  <concept>
    <code value="11" />
    <display value="Retorno" />
  </concept>
  <concept>
    <code value="12" />
    <display value="Demanda referenciada" />
  </concept>
</CodeSystem>