<?xml version="1.0" encoding="utf-8"?>
<CodeSystem xmlns="http://hl7.org/fhir">
  <id value="3e9c4129-a620-4b2a-8e44-3439d760cdab" />
  <meta>
    <versionId value="1" />
    <lastUpdated value="2020-03-11T18:20:28.431+00:00" />
  </meta>
  <language value="pt-BR" />
  <url value="http://www.saude.gov.br/fhir/r4/CodeSystem/BRResponsabilidadeParticipante" />
  <version value="201701A" />
  <name value="Reponsabilidade no Contato Assistencial" />
  <status value="active" />
  <experimental value="false" />
  <date value="2020-03-11T18:20:48.9276301+00:00" />
  <publisher value="Ministério da Saúde do Brasil" />
  <description value="Classifica o tipo de responsabilidade de indivíduos ou profissionais no Contato Assisntecial." />
  <content value="complete" />
  <concept>
    <code value="solicitante" />
    <display value="Profissional que solicitou o Contato Assistencial" />
  </concept>
  <concept>
    <code value="autorizador" />
    <display value="Profissional que autorizou a realização do Contato Assistencial" />
  </concept>
  <concept>
    <code value="admissao" />
    <display value="Profissional que admitiu do indivíduo no Contato Assistencial" />
  </concept>
  <concept>
    <code value="alta" />
    <display value="Profissional que realizou a alta do indivíduo no Contato Assistencial" />
  </concept>
  <concept>
    <code value="atendimento" />
    <display value="Profissional responsável pelo atendimento clínico Contato Assistencial" />
  </concept>
</CodeSystem>