<?xml version="1.0" encoding="utf-8"?>
<CodeSystem xmlns="http://hl7.org/fhir">
  <id value="70b875a2-4e8e-4c20-849b-7bb8cdcff534" />
  <meta>
    <versionId value="1" />
    <lastUpdated value="2020-03-26T13:16:25.378+00:00" />
  </meta>
  <language value="pt-BR" />
  <url value="http://www.saude.gov.br/fhir/r4/CodeSystem/BRSubgrupoTabelaSUS" />
  <version value="201701A" />
  <name value="Subgrupo da Tabela SUS" />
  <status value="active" />
  <experimental value="false" />
  <date value="2020-03-26T13:16:24.2409223+00:00" />
  <publisher value="Ministério da Saúde do Brasil" />
  <description value="O subgrupo é o segundo nível da hierarquia da Tabela SUS e seus códigos ajudam a classificar e localizar procedimentos." />
  <content value="complete" />
  <concept>
    <code value="0202" />
    <display value="Diagnóstico em laboratório clínico" />
  </concept>
  <concept>
    <code value="0203" />
    <display value="Diagnóstico em anatomia patológica e citopatologia" />
  </concept>
  <concept>
    <code value="0204" />
    <display value="Diagnóstico em radiologia" />
  </concept>
  <concept>
    <code value="0205" />
    <display value="Diagnóstico em ultrassonografia" />
  </concept>
  <concept>
    <code value="0206" />
    <display value="Diagnóstico em tomografia" />
  </concept>
  <concept>
    <code value="0207" />
    <display value="Diagnóstico em ressonância magnética" />
  </concept>
  <concept>
    <code value="0208" />
    <display value="Diagnóstico em medicina nuclear in vitro" />
  </concept>
  <concept>
    <code value="0209" />
    <display value="Diagnóstico em endoscopia" />
  </concept>
  <concept>
    <code value="0210" />
    <display value="Diagnóstico em radiologia intervencionista" />
  </concept>
  <concept>
    <code value="0211" />
    <display value="Métodos diagnósticos em especialidades" />
  </concept>
  <concept>
    <code value="0212" />
    <display value="Diagnóstico e procedimentos especiais em hemoterapia" />
  </concept>
  <concept>
    <code value="0213" />
    <display value="Diagnóstico em vigilância epidemiológica e ambiental" />
  </concept>
  <concept>
    <code value="0214" />
    <display value="Diagnóstico por teste rápido" />
  </concept>
</CodeSystem>