<?xml version="1.0" encoding="utf-8"?>
<CodeSystem xmlns="http://hl7.org/fhir">
  <id value="1fe028ce-d3f8-43c9-be1c-00b49a2bc4df" />
  <meta>
    <versionId value="1" />
    <lastUpdated value="2020-03-26T13:19:28.606+00:00" />
  </meta>
  <language value="pt-BR" />
  <url value="http://www.saude.gov.br/fhir/r4/CodeSystem/BRTipoAmostraGAL" />
  <version value="201701A" />
  <name value="Tipo de Amostra Biológica" />
  <status value="active" />
  <experimental value="false" />
  <date value="2020-03-26T13:19:26.8007251+00:00" />
  <publisher value="Ministério da Saúde do Brasil" />
  <description value="Classifica o tipo de amostra biológica utilizada em exames de acordo com a terminologia Gerenciador de Ambiente Laboratorial (GAL)." />
  <content value="complete" />
  <concept>
    <code value="SECONF" />
    <display value="Secreção Orofaríngea e Nasofaríngea" />
  </concept>
  <concept>
    <code value="SNOF" />
    <display value="Swab Naso-Orofaríngeo" />
  </concept>
  <concept>
    <code value="SWNAFA" />
    <display value="Swab Nasofaríngeo" />
  </concept>
  <concept>
    <code value="SWAB" />
    <display value="Swab" />
  </concept>
  <concept>
    <code value="SECNAS" />
    <display value="Secreção Nasofaríngea" />
  </concept>
  <concept>
    <code value="ASNAFA" />
    <display value="Aspirado Nasofaríngeo" />
  </concept>
  <concept>
    <code value="SWORO" />
    <display value="Swab Orofaríngeo" />
  </concept>
  <concept>
    <code value="SWNAS" />
    <display value="Swab Nasal" />
  </concept>
  <concept>
    <code value="SECORF" />
    <display value="Secreção Orofaríngea" />
  </concept>
  <concept>
    <code value="LAVBRA" />
    <display value="Lavado Brônquico Alveolar" />
  </concept>
  <concept>
    <code value="LAVBRO" />
    <display value="Lavado Brônquico" />
  </concept>
  <concept>
    <code value="ANF" />
    <display value="Aspirado Nasofaríngeo" />
  </concept>
  <concept>
    <code value="LBA" />
    <display value="Lavado Broncoalveolar" />
  </concept>
  <concept>
    <code value="LTQ" />
    <display value="Lavado Traqueal" />
  </concept>
  <concept>
    <code value="SCOR" />
    <display value="Secreção Oral" />
  </concept>
  <concept>
    <code value="SCOF" />
    <display value="Secreção Orofaringe" />
  </concept>
</CodeSystem>