<?xml version="1.0" encoding="utf-8"?>
<CodeSystem xmlns="http://hl7.org/fhir">
  <id value="455566fb-ad72-45f9-b0db-7408972631a1" />
  <meta>
    <versionId value="1" />
    <lastUpdated value="2020-03-11T18:25:18.321+00:00" />
  </meta>
  <language value="pt-BR" />
  <url value="http://www.saude.gov.br/fhir/r4/CodeSystem/BRTipoIdentificador" />
  <version value="201701A" />
  <name value="Tipo de Identificador" />
  <status value="active" />
  <experimental value="false" />
  <date value="2020-03-11T18:25:38.8137622+00:00" />
  <publisher value="Ministério da Saúde do Brasil" />
  <description value="Classifica o tipo de indicador que está sendo utilizado." />
  <content value="complete" />
  <property>
    <code value="use" />
    <description value="Uso do Tipo do Identificador" />
    <type value="code" />
  </property>
  <concept>
    <code value="AUTH" />
    <display value="Código de Autorização" />
    <definition value="Identificador da permissão para a realização de um procedimento." />
    <property>
      <code value="use" />
      <valueCode value="procedure" />
    </property>
  </concept>
  <concept>
    <code value="BRACRA" />
    <display value="Número de inscrição no Conselho Regional de Administração (CRA)" />
    <property>
      <code value="use" />
      <valueCode value="patient" />
    </property>
  </concept>
  <concept>
    <code value="BRACRESS" />
    <display value="Número de inscrição no Conselho Regional de Serviço Social (CRESS)" />
    <property>
      <code value="use" />
      <valueCode value="patient" />
    </property>
  </concept>
  <concept>
    <code value="BRACRB" />
    <display value="Número de inscrição no Conselho Regional de Biblioteconomia (CRB)" />
    <property>
      <code value="use" />
      <valueCode value="patient" />
    </property>
  </concept>
  <concept>
    <code value="BRACRC" />
    <display value="Número de inscrição no Conselho Regional de Contabilidade (CRC)" />
    <property>
      <code value="use" />
      <valueCode value="patient" />
    </property>
  </concept>
  <concept>
    <code value="BRACRECI" />
    <display value="Número de inscrição no Conselho Regional de Corretores de Imóveis (CRECI)" />
    <property>
      <code value="use" />
      <valueCode value="patient" />
    </property>
  </concept>
  <concept>
    <code value="BRACORECON" />
    <display value="Número de inscrição no Conselho Regional de Economia (CORECON)" />
    <property>
      <code value="use" />
      <valueCode value="patient" />
    </property>
  </concept>
  <concept>
    <code value="BRACREA" />
    <display value="Número de inscrição no Conselho Regional de Engenharia e Agronomia (CREA)" />
    <property>
      <code value="use" />
      <valueCode value="patient" />
    </property>
  </concept>
  <concept>
    <code value="BRACONFRE" />
    <display value="Número de inscrição no Conselho Regional de Estatística (CONRE)" />
    <property>
      <code value="use" />
      <valueCode value="patient" />
    </property>
  </concept>
  <concept>
    <code value="BRACRF" />
    <display value="Número de inscrição no Conselho Regional de Farmácia (CRF)" />
    <property>
      <code value="use" />
      <valueCode value="patient" />
    </property>
  </concept>
  <concept>
    <code value="BRACREFITO" />
    <display value="Número de inscrição no Conselho Regional de Fisioterapia e Terapia Ocupacional (CREFITO)" />
    <property>
      <code value="use" />
      <valueCode value="patient" />
    </property>
  </concept>
  <concept>
    <code value="BRACRMV" />
    <display value="Número de inscrição no Conselho Regional de Medicina Veterinária (CRMV)" />
    <property>
      <code value="use" />
      <valueCode value="patient" />
    </property>
  </concept>
  <concept>
    <code value="BRACRN" />
    <display value="Número de inscrição no Conselho Regional de Nutrição (CRN)" />
    <property>
      <code value="use" />
      <valueCode value="patient" />
    </property>
  </concept>
  <concept>
    <code value="BRACONRERP" />
    <display value="Número de inscrição no Conselho Regional de Reçações Públicas (CONRERP)" />
    <property>
      <code value="use" />
      <valueCode value="patient" />
    </property>
  </concept>
  <concept>
    <code value="BRACRP" />
    <display value="Número de inscrição no Conselho Regional de Psicologia (CRP)" />
    <property>
      <code value="use" />
      <valueCode value="patient" />
    </property>
  </concept>
  <concept>
    <code value="BRACRQ" />
    <display value="Número de inscrição no Conselho Regional de Química (CRQ)" />
    <property>
      <code value="use" />
      <valueCode value="patient" />
    </property>
  </concept>
  <concept>
    <code value="BRACORE" />
    <display value="Número de inscrição no Conselho Regional de Representantes Comerciais (CORE)" />
    <property>
      <code value="use" />
      <valueCode value="patient" />
    </property>
  </concept>
  <concept>
    <code value="BRACREF" />
    <display value="Número de inscrição no Conselho Regional de Educação Física (CREF)" />
    <property>
      <code value="use" />
      <valueCode value="patient" />
    </property>
  </concept>
  <concept>
    <code value="BRACAU" />
    <display value="Número de inscrição no Conselho Regional de Arquitetura e Urbanismo (CAU)" />
    <property>
      <code value="use" />
      <valueCode value="patient" />
    </property>
  </concept>
  <concept>
    <code value="BRACRBIO" />
    <display value="Número de inscrição no Conselho Regional de Biologia (CRBio)" />
    <property>
      <code value="use" />
      <valueCode value="patient" />
    </property>
  </concept>
  <concept>
    <code value="BRACRBM" />
    <display value="Número da inscrição no Conselho Regional de Biomedicina (CRBM)" />
    <property>
      <code value="use" />
      <valueCode value="patient" />
    </property>
  </concept>
  <concept>
    <code value="BRACRBM" />
    <display value="Número da inscrição no Conselho Regional de Biomedicina (CRBM)" />
    <property>
      <code value="use" />
      <valueCode value="patient" />
    </property>
  </concept>
  <concept>
    <code value="BRACRFA" />
    <display value="Número da inscrição no Conselho Regional de Fonoaudiologia (CRFa/CREFONO)" />
    <property>
      <code value="use" />
      <valueCode value="patient" />
    </property>
  </concept>
  <concept>
    <code value="BRACRTR" />
    <display value="Número da inscrição no Conselho Regional de Técnicos em Radiologia (CRTR)" />
    <property>
      <code value="use" />
      <valueCode value="patient" />
    </property>
  </concept>
  <concept>
    <code value="BRACRT" />
    <display value="Número da inscrição no Conselho Regional dos Técnicos Industriais (CRT)" />
    <property>
      <code value="use" />
      <valueCode value="patient" />
    </property>
  </concept>
  <concept>
    <code value="BRAOAB" />
    <display value="Número de inscrição na Ordem dos Advogados do BRAasil (OAB)" />
    <property>
      <code value="use" />
      <valueCode value="patient" />
    </property>
  </concept>
  <concept>
    <code value="BRAIDMIL" />
    <display value="Número da Identidade Militar" />
    <property>
      <code value="use" />
      <valueCode value="patient" />
    </property>
  </concept>
  <concept>
    <code value="BRAIDFUNC" />
    <display value="Número da Identidade Funcional" />
    <property>
      <code value="use" />
      <valueCode value="patient" />
    </property>
  </concept>
  <concept>
    <code value="BRACNPJ" />
    <display value="Número de inscrição no Cadastro Nacional da Pessoa Jurídica (CNPJ)" />
    <property>
      <code value="use" />
      <valueCode value="organization" />
    </property>
  </concept>
</CodeSystem>