<?xml version="1.0" encoding="utf-8"?>
<CodeSystem xmlns="http://hl7.org/fhir">
  <id value="6c80769a-d102-441d-8264-832c6de99f7b" />
  <meta>
    <versionId value="1" />
    <lastUpdated value="2020-03-11T18:28:22.721+00:00" />
  </meta>
  <language value="pt-BR" />
  <url value="http://www.saude.gov.br/fhir/r4/CodeSystem/BRViaAdministracao" />
  <version value="201701A" />
  <name value="Via de Administração" />
  <status value="active" />
  <experimental value="false" />
  <date value="2020-03-11T18:28:42.5310735+00:00" />
  <publisher value="Ministério da Saúde do Brasil" />
  <description value="Classifica a via na qual foi administrada uma substância em um indivíduo." />
  <content value="complete" />
  <concept>
    <code value="1" />
    <display value="Oral" />
  </concept>
  <concept>
    <code value="2" />
    <display value="Intramuscular" />
  </concept>
  <concept>
    <code value="3" />
    <display value="Subcutânea" />
  </concept>
  <concept>
    <code value="4" />
    <display value="Intradérmica" />
  </concept>
  <concept>
    <code value="5" />
    <display value="Endovenosa" />
  </concept>
  <concept>
    <code value="6" />
    <display value="Intravenosa" />
  </concept>
</CodeSystem>