<?xml version="1.0" encoding="utf-8"?>
<StructureDefinition xmlns="http://hl7.org/fhir">
  <id value="872db77f-07e5-4b81-b3d4-b67a68e97b51" />
  <meta>
    <versionId value="1" />
    <lastUpdated value="2020-03-13T20:45:48.37+00:00" />
  </meta>
  <language value="pt-BR" />
  <url value="http://www.saude.gov.br/fhir/r4/StructureDefinition/BRAdministradorTerceiro-1.0" />
  <version value="1.0" />
  <name value="BRAdministradorTerceiro" />
  <title value="Gerente/Administrador (Terceiro) ou Interveniente" />
  <status value="active" />
  <date value="2020-03-13T20:46:11.8055992Z" />
  <publisher value="Ministério da Saúde do Brasil" />
  <description value="Identifica organizações que são gerentes/administradoras (terceiras) ou intervenientes de outras." />
  <fhirVersion value="4.0.0" />
  <kind value="complex-type" />
  <abstract value="false" />
  <context>
    <type value="element" />
    <expression value="Organization" />
  </context>
  <type value="Extension" />
  <baseDefinition value="http://hl7.org/fhir/StructureDefinition/Extension" />
  <derivation value="constraint" />
  <differential>
    <element id="Extension">
      <path value="Extension" />
      <short value="Gerente/Administrador (Terceiro) ou Interveniente" />
      <definition value="Identifica organizações que são gerentes/administradoras (terceiras) ou intervenientes de outras." />
    </element>
    <element id="Extension.url">
      <path value="Extension.url" />
      <fixedUri value="http://www.saude.gov.br/fhir/r4/StructureDefinition/BRAdministradorTerceiro-1.0" />
    </element>
    <element id="Extension.value[x]">
      <path value="Extension.value[x]" />
      <min value="1" />
      <type>
        <code value="Reference" />
        <targetProfile value="http://www.saude.gov.br/fhir/r4/StructureDefinition/BRPessoaJuridicaProfissionalLiberal-1.0" />
      </type>
    </element>
    <element id="Extension.value[x].reference">
      <path value="Extension.value[x].reference" />
      <min value="1" />
    </element>
    <element id="Extension.value[x].type">
      <path value="Extension.value[x].type" />
      <max value="0" />
    </element>
    <element id="Extension.value[x].identifier">
      <path value="Extension.value[x].identifier" />
      <max value="0" />
    </element>
    <element id="Extension.value[x].display">
      <path value="Extension.value[x].display" />
      <max value="0" />
    </element>
  </differential>
</StructureDefinition>