<?xml version="1.0" encoding="utf-8"?>
<StructureDefinition xmlns="http://hl7.org/fhir">
  <id value="d33e576c-514f-44a7-8f90-db2b87439135" />
  <meta>
    <versionId value="1" />
    <lastUpdated value="2020-03-13T20:25:59.575+00:00" />
  </meta>
  <language value="pt-BR" />
  <url value="http://www.saude.gov.br/fhir/r4/StructureDefinition/BRAtendeSUS-1.0" />
  <version value="1.0" />
  <name value="BRAtendeSUS" />
  <title value="Atende SUS?" />
  <status value="active" />
  <date value="2020-03-13T20:26:23.0414137Z" />
  <publisher value="Ministério da Saúde do Brasil" />
  <description value="Extensão utilizada para identificar se um profissional ou Estabelecimento de Saúde oferece atendimento pelo Sistema Único de Saúde (SUS)." />
  <fhirVersion value="4.0.0" />
  <kind value="complex-type" />
  <abstract value="false" />
  <context>
    <type value="element" />
    <expression value="PractitionerRole" />
  </context>
  <context>
    <type value="element" />
    <expression value="Organization" />
  </context>
  <type value="Extension" />
  <baseDefinition value="http://hl7.org/fhir/StructureDefinition/Extension" />
  <derivation value="constraint" />
  <differential>
    <element id="Extension">
      <path value="Extension" />
      <short value="Atende SUS?" />
      <definition value="Identifica se um profissional ou Estabelecimento de Saúde oferece atendimento pelo Sistema Único de Saúde (SUS)." />
    </element>
    <element id="Extension.url">
      <path value="Extension.url" />
      <fixedUri value="http://www.saude.gov.br/fhir/r4/StructureDefinition/BRAtendeSUS-1.0" />
    </element>
    <element id="Extension.value[x]">
      <path value="Extension.value[x]" />
      <min value="1" />
      <type>
        <code value="boolean" />
      </type>
    </element>
  </differential>
</StructureDefinition>