<?xml version="1.0" encoding="utf-8"?>
<StructureDefinition xmlns="http://hl7.org/fhir">
  <id value="a495e791-173d-4175-bced-da4b42fa0ce1" />
  <meta>
    <versionId value="5" />
    <lastUpdated value="2020-03-11T04:00:59.338+00:00" />
  </meta>
  <language value="pt-BR" />
  <url value="http://www.saude.gov.br/fhir/r4/StructureDefinition/BRCodeableConcept-1.0" />
  <version value="1.0" />
  <name value="BRCodeableConcept" />
  <title value="Codeable Concept" />
  <status value="active" />
  <date value="2020-03-11T04:00:57.6549215Z" />
  <description value="Um codeable concept para qualquer finalidade." />
  <fhirVersion value="4.0.0" />
  <kind value="complex-type" />
  <abstract value="false" />
  <context>
    <type value="element" />
    <expression value="MedicationDispense" />
  </context>
  <context>
    <type value="element" />
    <expression value="Immunization" />
  </context>
  <context>
    <type value="element" />
    <expression value="Immunization.protocolApplied" />
  </context>
  <context>
    <type value="element" />
    <expression value="Encounter.participant" />
  </context>
  <context>
    <type value="element" />
    <expression value="Encounter.diagnosis" />
  </context>
  <type value="Extension" />
  <baseDefinition value="http://hl7.org/fhir/StructureDefinition/Extension" />
  <derivation value="constraint" />
  <differential>
    <element id="Extension.url">
      <path value="Extension.url" />
      <fixedUri value="http://www.saude.gov.br/fhir/r4/StructureDefinition/BRCodeableConcept-1.0" />
    </element>
    <element id="Extension.value[x]">
      <path value="Extension.value[x]" />
      <min value="1" />
      <type>
        <code value="CodeableConcept" />
      </type>
    </element>
    <element id="Extension.value[x].coding">
      <path value="Extension.value[x].coding" />
      <min value="1" />
      <max value="1" />
    </element>
    <element id="Extension.value[x].coding.system">
      <path value="Extension.value[x].coding.system" />
      <min value="1" />
    </element>
    <element id="Extension.value[x].coding.code">
      <path value="Extension.value[x].coding.code" />
      <min value="1" />
    </element>
    <element id="Extension.value[x].coding.display">
      <path value="Extension.value[x].coding.display" />
      <max value="0" />
    </element>
    <element id="Extension.value[x].coding.userSelected">
      <path value="Extension.value[x].coding.userSelected" />
      <max value="0" />
    </element>
    <element id="Extension.value[x].text">
      <path value="Extension.value[x].text" />
      <max value="0" />
    </element>
  </differential>
</StructureDefinition>