<?xml version="1.0" encoding="utf-8"?>
<StructureDefinition xmlns="http://hl7.org/fhir">
  <id value="0aca4ee3-28df-43a7-ba3d-0161d914b6e9" />
  <meta>
    <versionId value="1" />
    <lastUpdated value="2020-03-13T18:10:36.372+00:00" />
  </meta>
  <language value="pt-BR" />
  <url value="http://www.saude.gov.br/fhir/r4/StructureDefinition/BREstrategiaVacinacao-1.0" />
  <version value="1.0" />
  <name value="BREstrategiaVacinacao" />
  <title value="Estratégia de Vacinação" />
  <status value="active" />
  <date value="2020-03-13T18:10:59.8218584Z" />
  <publisher value="Ministério da Saúde do Brasil" />
  <fhirVersion value="4.0.0" />
  <kind value="complex-type" />
  <abstract value="false" />
  <context>
    <type value="element" />
    <expression value="Immunization.protocolApplied" />
  </context>
  <type value="Extension" />
  <baseDefinition value="http://hl7.org/fhir/StructureDefinition/Extension" />
  <derivation value="constraint" />
  <differential>
    <element id="Extension">
      <path value="Extension" />
      <short value="Estratégia de Vacinação" />
      <definition value="Identifica a estratégia de vacinação adotada." />
    </element>
    <element id="Extension.url">
      <path value="Extension.url" />
      <fixedUri value="http://www.saude.gov.br/fhir/r4/StructureDefinition/BREstrategiaVacinacao-1.0" />
    </element>
    <element id="Extension.value[x]">
      <path value="Extension.value[x]" />
      <min value="1" />
      <type>
        <code value="CodeableConcept" />
      </type>
      <binding>
        <strength value="required" />
        <description value="Estratégia de Vacinação" />
        <valueSet value="http://www.saude.gov.br/fhir/r4/ValueSet/BREstrategiaVacinacao-1.0" />
      </binding>
    </element>
    <element id="Extension.value[x].coding">
      <path value="Extension.value[x].coding" />
      <min value="1" />
      <max value="1" />
    </element>
    <element id="Extension.value[x].coding.system">
      <path value="Extension.value[x].coding.system" />
      <min value="1" />
    </element>
    <element id="Extension.value[x].coding.code">
      <path value="Extension.value[x].coding.code" />
      <min value="1" />
    </element>
    <element id="Extension.value[x].coding.display">
      <path value="Extension.value[x].coding.display" />
      <max value="0" />
    </element>
    <element id="Extension.value[x].coding.userSelected">
      <path value="Extension.value[x].coding.userSelected" />
      <max value="0" />
    </element>
    <element id="Extension.value[x].text">
      <path value="Extension.value[x].text" />
      <max value="0" />
    </element>
  </differential>
</StructureDefinition>