<?xml version="1.0" encoding="utf-8"?>
<StructureDefinition xmlns="http://hl7.org/fhir">
  <id value="3d75211e-ccb6-4e01-b965-05382abfae5d" />
  <meta>
    <versionId value="1" />
    <lastUpdated value="2020-03-13T20:37:00.035+00:00" />
  </meta>
  <language value="pt-BR" />
  <url value="http://www.saude.gov.br/fhir/r4/StructureDefinition/BRFinanciamento-1.0" />
  <version value="1.0" />
  <name value="BRFinanciamento" />
  <title value="Financiamento" />
  <status value="active" />
  <date value="2020-03-13T20:37:23.4854488Z" />
  <publisher value="Ministério da Saúde do Brasil" />
  <description value="Extensão utilizada para identificar financiamento." />
  <fhirVersion value="4.0.0" />
  <kind value="complex-type" />
  <abstract value="false" />
  <context>
    <type value="element" />
    <expression value="Encounter.participant" />
  </context>
  <type value="Extension" />
  <baseDefinition value="http://hl7.org/fhir/StructureDefinition/Extension" />
  <derivation value="constraint" />
  <differential>
    <element id="Extension">
      <path value="Extension" />
      <short value="Financiamento" />
    </element>
    <element id="Extension.url">
      <path value="Extension.url" />
      <fixedUri value="http://www.saude.gov.br/fhir/r4/StructureDefinition/BRFinanciamento-1.0" />
    </element>
    <element id="Extension.value[x]">
      <path value="Extension.value[x]" />
      <min value="1" />
      <type>
        <code value="CodeableConcept" />
      </type>
      <binding>
        <strength value="required" />
        <description value="Financiamento" />
        <valueSet value="http://www.saude.gov.br/fhir/r4/ValueSet/BRFinanciamento-1.0" />
      </binding>
    </element>
    <element id="Extension.value[x].coding">
      <path value="Extension.value[x].coding" />
      <min value="1" />
      <max value="1" />
    </element>
    <element id="Extension.value[x].coding.system">
      <path value="Extension.value[x].coding.system" />
      <min value="1" />
    </element>
    <element id="Extension.value[x].coding.code">
      <path value="Extension.value[x].coding.code" />
      <min value="1" />
    </element>
    <element id="Extension.value[x].coding.display">
      <path value="Extension.value[x].coding.display" />
      <max value="0" />
    </element>
    <element id="Extension.value[x].coding.userSelected">
      <path value="Extension.value[x].coding.userSelected" />
      <max value="0" />
    </element>
    <element id="Extension.value[x].text">
      <path value="Extension.value[x].text" />
      <max value="0" />
    </element>
  </differential>
</StructureDefinition>