<?xml version="1.0" encoding="utf-8"?>
<StructureDefinition xmlns="http://hl7.org/fhir">
  <id value="2cc4e4e3-0f97-4b54-ab87-e73fe0758cc7" />
  <meta>
    <versionId value="1" />
    <lastUpdated value="2020-03-13T17:53:35.276+00:00" />
  </meta>
  <language value="pt-BR" />
  <url value="http://www.saude.gov.br/fhir/r4/StructureDefinition/BRIdentificacaoEquipe-1.0" />
  <version value="1.0" />
  <name value="BRIdentificacaoEquipe" />
  <title value="Identificador Nacional de Equipe" />
  <status value="active" />
  <date value="2020-03-13T17:53:57.5047075Z" />
  <publisher value="Ministério da Saúde do Brasil" />
  <description value="Extensão para permitir informar o código do Identificador Nacional de Equipe." />
  <purpose value="Identificar equipes formais de trabalho no Brasil." />
  <fhirVersion value="4.0.0" />
  <kind value="complex-type" />
  <abstract value="false" />
  <context>
    <type value="element" />
    <expression value="Encounter.participant" />
  </context>
  <context>
    <type value="element" />
    <expression value="Procedure.performer" />
  </context>
  <type value="Extension" />
  <baseDefinition value="http://hl7.org/fhir/StructureDefinition/Extension" />
  <derivation value="constraint" />
  <differential>
    <element id="Extension">
      <path value="Extension" />
      <short value="Identificador Nacional de Equipe" />
      <definition value="Número válido do INE no CNES." />
    </element>
    <element id="Extension.url">
      <path value="Extension.url" />
      <fixedUri value="http://www.saude.gov.br/fhir/r4/StructureDefinition/BRIdentificacaoEquipe-1.0" />
    </element>
    <element id="Extension.value[x]">
      <path value="Extension.value[x]" />
      <min value="1" />
      <type>
        <code value="integer" />
      </type>
    </element>
  </differential>
</StructureDefinition>