<?xml version="1.0" encoding="utf-8"?>
<StructureDefinition xmlns="http://hl7.org/fhir">
  <id value="2a0cabae-0a05-4876-a9c5-1264a315e71e" />
  <meta>
    <versionId value="1" />
    <lastUpdated value="2020-03-13T19:46:57.809+00:00" />
  </meta>
  <language value="pt-BR" />
  <url value="http://www.saude.gov.br/fhir/r4/StructureDefinition/BRSituacaoCondicaoIndividuo-1.0" />
  <version value="1.0" />
  <name value="BRSituacaoCondicaoIndividuo" />
  <title value="Situação/Condição do Indivíduo" />
  <status value="active" />
  <experimental value="false" />
  <date value="2020-03-13T19:47:21.2601861Z" />
  <publisher value="Ministério da Saúde do Brasil" />
  <description value="Extensão para especificar a situação ou condicação de um indivíduo num contexto." />
  <fhirVersion value="4.0.0" />
  <kind value="complex-type" />
  <abstract value="false" />
  <context>
    <type value="element" />
    <expression value="Immunization" />
  </context>
  <type value="Extension" />
  <baseDefinition value="http://hl7.org/fhir/StructureDefinition/Extension" />
  <derivation value="constraint" />
  <differential>
    <element id="Extension">
      <path value="Extension" />
      <short value="Situação/Condição do Indivíduo" />
      <definition value="Especifica a situação ou condição do invdivíduo." />
    </element>
    <element id="Extension.url">
      <path value="Extension.url" />
      <fixedUri value="http://www.saude.gov.br/fhir/r4/StructureDefinition/BRSituacaoCondicaoIndividuo-1.0" />
    </element>
    <element id="Extension.value[x]">
      <path value="Extension.value[x]" />
      <min value="1" />
      <type>
        <code value="CodeableConcept" />
      </type>
      <binding>
        <strength value="required" />
        <description value="Situação/Condição Indivíduo" />
        <valueSet value="http://www.saude.gov.br/fhir/r4/ValueSet/BRSituacaoCondicaoIndividuo-1.0" />
      </binding>
    </element>
    <element id="Extension.value[x].coding">
      <path value="Extension.value[x].coding" />
      <min value="1" />
      <max value="1" />
    </element>
    <element id="Extension.value[x].coding.system">
      <path value="Extension.value[x].coding.system" />
      <min value="1" />
    </element>
    <element id="Extension.value[x].coding.code">
      <path value="Extension.value[x].coding.code" />
      <min value="1" />
    </element>
    <element id="Extension.value[x].coding.display">
      <path value="Extension.value[x].coding.display" />
      <max value="0" />
    </element>
    <element id="Extension.value[x].coding.userSelected">
      <path value="Extension.value[x].coding.userSelected" />
      <max value="0" />
    </element>
    <element id="Extension.value[x].text">
      <path value="Extension.value[x].text" />
      <max value="0" />
    </element>
  </differential>
</StructureDefinition>