<?xml version="1.0" encoding="utf-8"?>
<StructureDefinition xmlns="http://hl7.org/fhir">
  <id value="918f456e-4aa4-4461-b0f0-5fde4b3bd138" />
  <meta>
    <versionId value="1" />
    <lastUpdated value="2020-03-11T04:12:06.878+00:00" />
  </meta>
  <url value="http://www.saude.gov.br/fhir/r4/StructureDefinition/BRDocumentoIndividuo-1.0" />
  <name value="BRDocumentoIndividuo" />
  <title value="Documento do Indivíduo" />
  <status value="active" />
  <date value="2020-03-11T04:12:06.1755665Z" />
  <fhirVersion value="4.0.0" />
  <kind value="complex-type" />
  <abstract value="false" />
  <type value="Identifier" />
  <baseDefinition value="http://hl7.org/fhir/StructureDefinition/Identifier" />
  <derivation value="constraint" />
  <differential>
    <element id="Identifier">
      <path value="Identifier" />
      <short value="Documento" />
      <definition value="Documento(s) do indivíduo." />
      <min value="1" />
      <mustSupport value="true" />
    </element>
    <element id="Identifier.extension">
      <path value="Identifier.extension" />
      <slicing>
        <discriminator>
          <type value="value" />
          <path value="url" />
        </discriminator>
        <rules value="open" />
      </slicing>
    </element>
    <element id="Identifier.extension:assignerJurisdiction">
      <path value="Identifier.extension" />
      <sliceName value="assignerJurisdiction" />
      <definition value="Unidade Federativa, identificada por Code System (sigla da UF), ou o número da região do Órgão Expedidor de um documento." />
      <type>
        <code value="Extension" />
        <profile value="http://www.saude.gov.br/fhir/r4/StructureDefinition/BRJurisdicaoOrgaoEmissor-1.0" />
      </type>
      <mustSupport value="true" />
    </element>
    <element id="Identifier.use">
      <path value="Identifier.use" />
      <short value="Uso do Documento" />
      <definition value="official: Documentos oficiais ou o CNS Definitivo&#xD;&#xA;secondary: CNS Provisório" />
      <min value="1" />
      <mustSupport value="true" />
    </element>
    <element id="Identifier.type">
      <path value="Identifier.type" />
      <short value="Tipo de Documento" />
      <definition value="Tipo de documento utilizado para identificar o indivíduo." />
      <min value="1" />
      <mustSupport value="true" />
      <binding>
        <strength value="required" />
        <description value="Tipo do Identificador" />
        <valueSet value="http://www.saude.gov.br/fhir/r4/ValueSet/BRTipoDocumentoIndividuo-1.0" />
      </binding>
    </element>
    <element id="Identifier.type.coding">
      <path value="Identifier.type.coding" />
      <min value="1" />
      <max value="1" />
    </element>
    <element id="Identifier.type.coding.system">
      <path value="Identifier.type.coding.system" />
      <min value="1" />
    </element>
    <element id="Identifier.type.coding.code">
      <path value="Identifier.type.coding.code" />
      <min value="1" />
    </element>
    <element id="Identifier.type.coding.display">
      <path value="Identifier.type.coding.display" />
      <max value="0" />
    </element>
    <element id="Identifier.type.coding.userSelected">
      <path value="Identifier.type.coding.userSelected" />
      <max value="0" />
    </element>
    <element id="Identifier.type.text">
      <path value="Identifier.type.text" />
      <max value="0" />
    </element>
    <element id="Identifier.system">
      <path value="Identifier.system" />
      <max value="0" />
    </element>
    <element id="Identifier.value">
      <path value="Identifier.value" />
      <short value="Número do Documento" />
      <definition value="Número do documento, incluindo letras e outros caracteres utilizados." />
      <min value="1" />
      <mustSupport value="true" />
    </element>
    <element id="Identifier.period">
      <path value="Identifier.period" />
      <short value="Período do Documento" />
      <definition value="Datas de emissão e validade do documento." />
      <mustSupport value="true" />
    </element>
    <element id="Identifier.period.start">
      <path value="Identifier.period.start" />
      <short value="Data de Expedição/Inscrição/Cadastro" />
      <definition value="Data em que o documento foi gerado." />
      <mustSupport value="true" />
    </element>
    <element id="Identifier.period.end">
      <path value="Identifier.period.end" />
      <short value="Data de Suspensão/Cancelamento/Validade" />
      <definition value="Até quando (data) o documento é ou foi válido." />
      <mustSupport value="true" />
    </element>
    <element id="Identifier.assigner">
      <path value="Identifier.assigner" />
      <short value="Órgão Expedidor" />
      <mustSupport value="true" />
    </element>
    <element id="Identifier.assigner.reference">
      <path value="Identifier.assigner.reference" />
      <max value="0" />
    </element>
    <element id="Identifier.assigner.type">
      <path value="Identifier.assigner.type" />
      <max value="0" />
    </element>
    <element id="Identifier.assigner.identifier">
      <path value="Identifier.assigner.identifier" />
      <max value="0" />
    </element>
    <element id="Identifier.assigner.display">
      <path value="Identifier.assigner.display" />
      <short value="Órgão Expedidor" />
      <min value="1" />
      <mustSupport value="true" />
      <binding>
        <strength value="required" />
        <description value="Órgão Expedidor" />
        <valueSet value="http://www.saude.gov.br/fhir/r4/ValueSet/BROrgaoExpedidor-1.0" />
      </binding>
    </element>
  </differential>
</StructureDefinition>